id,slug,title,artist,inLibrary,bpm,bpmZone,keySignature,energyLevel,danceabilityNormalized,durationSeconds,primaryGenre,folders,playlists,file
b7071657-4293-4d91-9950-e857689eab91,andino-x-segik-la-selva--b7071657,"Andino x Segik La Selva","SERGIK",true,123.05,house,F minor,4.3,0.77,381,"Experimental Bass","Funktioneers","Funktioneers",tracks/andino-x-segik-la-selva--b7071657.json
873f95ed-e22c-4334-abc7-7091dcdd142a,andino-x-sergik-bird-talk--873f95ed,"ANDINO x SERGIK - Bird Talk","SERGIK",true,123.05,house,G# major,2.4,0.7,457,"Funky House","Feelin Sendy","Feelin Sendy",tracks/andino-x-sergik-bird-talk--873f95ed.json
4e27fd2b-24db-40e0-b89f-2cda2b49f90f,andino-x-sergik-x-janis-tradicion--4e27fd2b,"Andino x Sergik x Janis - Tradicion","SERGIK",true,123.05,house,G minor,4.7,0.79,411,"Funky House","Feelin Sendy","Feelin Sendy",tracks/andino-x-sergik-x-janis-tradicion--4e27fd2b.json
20957f2d-bdcc-4966-a625-2cc5a2f06e9f,barrio-bros-bloops--20957f2d,"Barrio Bros - Bloops","SERGIK",true,126.05,house,C minor,5.5,0.82,246,"Funky House","Funktioneers","Funktioneers",tracks/barrio-bros-bloops--20957f2d.json
edde5ead-d197-4989-8b16-efdc00cb1b5a,ceemoar-x-sergik-no-body--edde5ead,"Ceemoar x Sergik - No Body","SERGIK",true,123.05,house,Unknown,4.4,0.78,219,"Funky House","Funktioneers","Funktioneers",tracks/ceemoar-x-sergik-no-body--edde5ead.json
95f4a136-2d0a-4e10-be05-1d79c8862721,jimii-x-sergik-dublin--95f4a136,"JIMII x Sergik - dublin","SERGIK",true,129.2,tech_house,Unknown,3.6,0.74,447,"Tech House","Deep n Funky","Deep n Funky",tracks/jimii-x-sergik-dublin--95f4a136.json
ac6e18e6-0856-4a2b-8037-5941bc7884fc,optikz-x-sergik-vips-crowd-control-house--ac6e18e6,"Optikz x SERGIK(Vips) - Crowd Control - House","SERGIK",true,123.05,house,A minor,1.3,0.65,204,"Funky House","Feelin Sendy","Feelin Sendy",tracks/optikz-x-sergik-vips-crowd-control-house--ac6e18e6.json
0ec4c76d-e211-4f93-b1be-387b34d9db05,optikz-x-sergik-vips-crowd-control-trap--0ec4c76d,"Optikz x SERGIK(Vips) - Crowd Control - Trap","SERGIK",true,123.05,house,A minor,1.3,0.65,204,"Experimental Bass","Experimental : Free Form Bass","Experimental : Free Form Bass",tracks/optikz-x-sergik-vips-crowd-control-trap--0ec4c76d.json
41ec1c1e-f508-4773-945b-5f45e380386b,seergik-all-the-vibes--41ec1c1e,"SEERGIK - All The Vibes","SERGIK",true,123.05,house,D minor,3.4,0.74,276,"Funky House","Soul Candy","Soul Candy",tracks/seergik-all-the-vibes--41ec1c1e.json
8ceb1208-a776-4a20-8278-e992a87e6053,sergik-betta--8ceb1208,"SERGIK  - Betta","SERGIK",true,123.05,house,G minor,4,0.76,263,"Funky House","Funktioneers","Funktioneers",tracks/sergik-betta--8ceb1208.json
232f79f1-c2f4-4d18-a04a-3db9128b93e4,sergik-dreamer--232f79f1,"SERGIK  - Dreamer","SERGIK",true,139.67,cross_zone,A minor,4,0.75,180,"Trap","Hip Hop","Hip Hop",tracks/sergik-dreamer--232f79f1.json
4d111784-45f5-4143-86af-945585a8c4fb,sergik-it-is-what-it-is--4d111784,"SERGIK  - It Is What It Is","SERGIK",true,123.05,house,C minor,4.1,0.7,234,"Experimental Bass","Are We Awake","Are We Awake",tracks/sergik-it-is-what-it-is--4d111784.json
93deeee5-418f-4f77-936f-b2ec93b571f4,sergik-it-is-what-it-is--93deeee5,"SERGIK  - It Is What It Is","SERGIK",false,123.05,house,C minor,4.1,0.7,234,"Experimental Bass","","",tracks/sergik-it-is-what-it-is--93deeee5.json
153b1697-8f24-4ce1-8705-774e23075e8b,sergik-it-is-what-it-is--153b1697,"SERGIK  - It Is What It Is","SERGIK",false,123.05,house,C minor,4.1,0.7,234,"Experimental Bass","","",tracks/sergik-it-is-what-it-is--153b1697.json
c100dd35-0b97-4304-9262-44343823e76d,sergik-make-it-bounce--c100dd35,"SERGIK  - Make it Bounce","SERGIK",true,123.05,house,C minor,4.3,0.77,259,"Experimental Bass","Party Time","Party Time",tracks/sergik-make-it-bounce--c100dd35.json
7a71a273-996a-4102-b1da-28e2ef7bb3dc,sergik-make-it-bounce-pre-master--7a71a273,"SERGIK  - Make it Bounce Pre-Master","SERGIK",true,123.05,house,C minor,2.9,0.72,259,"Experimental Bass","Party Time","Party Time",tracks/sergik-make-it-bounce-pre-master--7a71a273.json
4d6c65bb-1f3b-4d85-a654-fc47d0073f8c,sergik-24-7-vip-1--4d6c65bb,"SERGIK - 24_7 VIP 1","SERGIK",true,123.05,house,G major,2,0.68,203,"Reggae","Deep n Funky","Deep n Funky",tracks/sergik-24-7-vip-1--4d6c65bb.json
8f8446cf-ea1d-4437-967f-41da1148b9ee,sergik-24-7-vip-2--8f8446cf,"SERGIK - 24_7 VIP 2","SERGIK",true,123.05,house,A minor,3.7,0.75,203,"Reggae","Deep n Funky","Deep n Funky",tracks/sergik-24-7-vip-2--8f8446cf.json
94be4c95-2b13-4eca-8d25-ca7faf2ed34b,sergik-49ers-move-your-feet-remix--94be4c95,"SERGIK - 49ers - Move Your Feet (remix)","SERGIK",true,123.05,house,G minor,3.6,0.74,250,"Funky House","Feelin Sendy","Feelin Sendy",tracks/sergik-49ers-move-your-feet-remix--94be4c95.json
47d07121-e1a0-4928-907b-94137a9dab1c,sergik-49ers-move-your-feet-remix--47d07121,"SERGIK - 49ers - Move Your Feet (remix)","SERGIK",false,123.05,house,G minor,3.6,0.74,250,"Funky House","","",tracks/sergik-49ers-move-your-feet-remix--47d07121.json
2a1c7232-2026-4af9-9ec5-f8f306ad29b8,sergik-6-hours-in--2a1c7232,"SERGIK - 6 Hours In","SERGIK",true,123.05,house,C major,3.6,0.74,232,"Funky House","Funktioneers","Funktioneers",tracks/sergik-6-hours-in--2a1c7232.json
9ebfe63d-6ca3-4bd0-a252-3078efe8b742,sergik-6-hours-in-v2--9ebfe63d,"SERGIK - 6 Hours In v2","SERGIK",true,129.2,tech_house,B major,3.5,0.74,229,"Reggae","Funktioneers","Funktioneers",tracks/sergik-6-hours-in-v2--9ebfe63d.json
20c7ff8d-4b84-4d69-9e01-01b1900555d3,sergik-90s-baby--20c7ff8d,"Sergik - 90s Baby","SERGIK",true,123.05,house,Unknown,2.6,0.7,224,"Experimental Bass","Deep n Funky","Deep n Funky",tracks/sergik-90s-baby--20c7ff8d.json
5edf3a0f-c45a-4c63-860d-bcaf930492ea,sergik-after-after-all-around-flip-v2--5edf3a0f,"SERGIK - After After (All Around Flip) V2","SERGIK",true,129.2,tech_house,G minor,4.5,0.78,240,"Tech House","Funktioneers","Funktioneers",tracks/sergik-after-after-all-around-flip-v2--5edf3a0f.json
93cef3da-5844-430b-b05b-fad9f3f70e60,sergik-aha--93cef3da,"SERGIK - Aha","SERGIK",true,123.05,house,A minor,3.7,0.75,265,"Funky House","Deep n Funky","Deep n Funky",tracks/sergik-aha--93cef3da.json
f081531e-d08c-4c3e-addf-3e7e3c3148fe,sergik-air-it-out--f081531e,"SERGIK - Air It Out","SERGIK",true,117.45,funk_fusion,A major,1.8,0.65,232,"Experimental Bass","Deep n Funky","Deep n Funky",tracks/sergik-air-it-out--f081531e.json
1f71c0b9-bd70-412e-8709-f24851709367,sergik-all-days--1f71c0b9,"SERGIK - All Days","SERGIK",true,129.2,tech_house,C major,5.3,0.81,244,"Tech House","Funktioneers","Funktioneers",tracks/sergik-all-days--1f71c0b9.json
2fa8328c-cdb1-417b-b5ee-077ece779bfd,sergik-all-the-vibes--2fa8328c,"SERGIK - All The Vibes","SERGIK",true,123.05,house,D minor,3.4,0.74,276,"Funky House","Deep n Funky","Deep n Funky",tracks/sergik-all-the-vibes--2fa8328c.json
2926ddaa-a896-411b-8937-edf73c958d25,sergik-all-the-vibes--2926ddaa,"SERGIK - All The Vibes","SERGIK",false,123.05,house,D minor,3.4,0.74,276,"Hip-Hop","","",tracks/sergik-all-the-vibes--2926ddaa.json
9312854a-aeb7-46d2-8059-a1b622fd2928,sergik-back-to-the-basics--9312854a,"SERGIK - Back to The Basics","SERGIK",true,123.05,house,G minor,4.6,0.78,286,"Experimental Bass","Soul Candy","Soul Candy",tracks/sergik-back-to-the-basics--9312854a.json
87684703-909b-4221-949f-1618c7d36ba5,sergik-back-to-the-basics--87684703,"SERGIK - Back to The Basics","SERGIK",false,123.05,house,G minor,4.6,0.78,286,"Experimental Bass","","",tracks/sergik-back-to-the-basics--87684703.json
713878e1-3710-466b-8aea-6774d7416cbb,sergik-back-to-the-basics-instrumental--713878e1,"SERGIK - Back to The Basics (Instrumental)","SERGIK",true,123.05,house,G minor,4.3,0.77,286,"Hip-Hop","Deep n Funky","Deep n Funky",tracks/sergik-back-to-the-basics-instrumental--713878e1.json
2c69da7b-d0a1-4931-b9d5-fb8bc35d7502,sergik-bad-decisions--2c69da7b,"SERGIK - Bad Decisions","SERGIK",true,123.05,house,,,0,215,"Hip-Hop","Party Time","Party Time",tracks/sergik-bad-decisions--2c69da7b.json
2b842b4e-bef6-43c9-9566-d65e12cf3d81,sergik-bad-decisions--2b842b4e,"SERGIK - Bad Decisions","SERGIK",false,123.05,house,,,0,215,"Hip-Hop","","",tracks/sergik-bad-decisions--2b842b4e.json
944e78f3-3238-4240-aa8a-e37a46f172f4,sergik-bad-decisions--944e78f3,"SERGIK - Bad Decisions","SERGIK",false,123.05,house,Unknown,3.7,0.75,215,"Hip-Hop","","",tracks/sergik-bad-decisions--944e78f3.json
4defad9d-a49d-4f97-bccc-a1f7252014fc,sergik-bad-decisions--4defad9d,"SERGIK - Bad Decisions","SERGIK",false,123.05,house,Unknown,3.7,0.75,215,"Hip-Hop","","",tracks/sergik-bad-decisions--4defad9d.json
8c615204-deb6-4516-b386-964d577c6e64,sergik-bad-decisions--8c615204,"SERGIK - Bad Decisions","SERGIK",false,123.05,house,Unknown,3.7,0.75,215,"Hip-Hop","","",tracks/sergik-bad-decisions--8c615204.json
515d5751-a677-4672-916a-e7ace62a5d61,sergik-bass-bunker--515d5751,"SERGIK - Bass Bunker","SERGIK",true,132.51,tech_house,D# minor,2.8,0.71,222,"Tech House","Funktioneers","Funktioneers",tracks/sergik-bass-bunker--515d5751.json
e95b159b-aaf1-4c2e-9ac5-e51d38027963,sergik-be-freendamind--e95b159b,"SERGIK - Be FreeNDaMind","SERGIK",true,129.2,tech_house,D# major,4.4,0.78,219,"Tech House","Funktioneers","Funktioneers",tracks/sergik-be-freendamind--e95b159b.json
1b43c705-2c9f-4cc5-a351-2930f6f2bfab,sergik-been-done--1b43c705,"SERGIK - Been Done","SERGIK",true,123.05,house,A minor,4.2,0.77,254,"Reggae","Funktioneers","Funktioneers",tracks/sergik-been-done--1b43c705.json
e1b4be51-e9db-424c-b2b6-a5c16d990299,sergik-bender--e1b4be51,"SERGIK - Bender","SERGIK",true,123.05,house,A minor,3.9,0.76,246,"Funky House","Feelin Sendy","Feelin Sendy",tracks/sergik-bender--e1b4be51.json
3202603f-410d-4c85-b287-709f4e5c5797,sergik-bender--3202603f,"SERGIK - Bender","SERGIK",false,123.05,house,A minor,3.9,0.76,246,"Hip-Hop","","",tracks/sergik-bender--3202603f.json
ef5fadfe-c472-4484-aadb-875077fca928,sergik-bitty-bong-dub--ef5fadfe,"SERGIK - Bitty Bong Dub","SERGIK",true,152,cross_zone,Unknown,4.6,0.69,259,"Experimental Bass","Experimental : Free Form Bass","Experimental : Free Form Bass",tracks/sergik-bitty-bong-dub--ef5fadfe.json
c78cfded-d482-453a-bd25-cc09f0cd58ab,sergik-book-of-memories--c78cfded,"SERGIK - Book of Memories","SERGIK",true,136,cross_zone,D major,2.3,0.69,266,"Reggae","Hip Hop","Hip Hop",tracks/sergik-book-of-memories--c78cfded.json
5f36f354-3f2f-4a67-bf67-364c6e9a7963,sergik-boomers--5f36f354,"SERGIK - Boomers","SERGIK",true,80.75,downtempo,F# minor,3.5,0.74,173,"Reggae","Deep n Funky","Deep n Funky",tracks/sergik-boomers--5f36f354.json
6dd9c6be-a802-4282-84f2-22e5ad09099b,sergik-bubble-buddy--6dd9c6be,"SERGIK - Bubble Buddy","SERGIK",true,123.05,house,A minor,3.9,0.76,250,"Reggae","Funktioneers","Funktioneers",tracks/sergik-bubble-buddy--6dd9c6be.json
a13cf962-cba4-441c-a1dc-96bf1d343df7,sergik-bye-spring-hip-hop--a13cf962,"SERGIK - Bye Spring (hip Hop)","SERGIK",true,92.29,funk_fusion,G minor,3.4,0.5,177,"Reggae","Hip Hop","Hip Hop",tracks/sergik-bye-spring-hip-hop--a13cf962.json
b056ce4b-129d-4cd4-9cfd-a13566a5053f,sergik-can-you-dance-v2--b056ce4b,"SERGIK - Can You Dance v2","SERGIK",true,123.05,house,F major,4.1,0.76,306,"Hip-Hop","Deep n Funky","Deep n Funky",tracks/sergik-can-you-dance-v2--b056ce4b.json
304be75f-e0e7-44dc-a8dc-b0de24614aea,sergik-can-you-dance-v2--304be75f,"SERGIK - Can You Dance v2","SERGIK",false,123.05,house,F major,4.1,0.76,306,"Hip-Hop","","",tracks/sergik-can-you-dance-v2--304be75f.json
d6633b8f-695b-4ae0-9db5-459737c552fa,sergik-can-t-you-see--d6633b8f,"SERGIK - Can't You See","SERGIK",true,123.05,house,A minor,,0,244,"Funky House","Party Time","Party Time",tracks/sergik-can-t-you-see--d6633b8f.json
91cc67ed-1cac-4249-bd4e-6a96d262e6f4,sergik-can-t-you-see--91cc67ed,"SERGIK - Can't You See","SERGIK",false,123.05,house,A minor,,0,244,"Funky House","","",tracks/sergik-can-t-you-see--91cc67ed.json
7c6e5f69-e4fd-4f6a-8f5e-0070ff635284,sergik-can-t-you-see--7c6e5f69,"SERGIK - Can't You See","SERGIK",false,123.05,house,A minor,5.2,0.81,244,"Funky House","","",tracks/sergik-can-t-you-see--7c6e5f69.json
3e089cfe-ea34-4780-a296-b15190ca3c29,sergik-can-t-you-see--3e089cfe,"SERGIK - Can't You See","SERGIK",false,123.05,house,A minor,5.2,0.81,244,"Funky House","","",tracks/sergik-can-t-you-see--3e089cfe.json
30578c11-cda4-41e6-95ff-305daa66cc45,sergik-can-t-you-see--30578c11,"SERGIK - Can't You See","SERGIK",false,123.05,house,A minor,5.2,0.81,244,"Funky House","","",tracks/sergik-can-t-you-see--30578c11.json
f92b5210-bef1-40cc-80d2-beedabbaa085,sergik-cant-fight-it--f92b5210,"SERGIK - Cant Fight It","SERGIK",true,123.05,house,A minor,1.9,0.68,316,"Funky House","Deep n Funky","Deep n Funky",tracks/sergik-cant-fight-it--f92b5210.json
bf7e6a1a-878d-496d-adc7-e0962f207c16,sergik-cant-kill-my-vibe--bf7e6a1a,"SERGIK - Cant Kill My Vibe","SERGIK",true,83.35,downtempo,G# minor,5.3,0.81,246,"Reggae","Party Time","Party Time",tracks/sergik-cant-kill-my-vibe--bf7e6a1a.json
ba4fa579-37d1-44f6-92c0-af2d4e873966,sergik-caramba-v1--ba4fa579,"SERGIK - Caramba V1","SERGIK",true,83.35,downtempo,F major,3.9,0.76,244,"Reggae","The World Dont Stop","The World Dont Stop",tracks/sergik-caramba-v1--ba4fa579.json
9112e7a5-a283-426c-92e6-30185d58baba,sergik-cork--9112e7a5,"SERGIK - CorK","SERGIK",true,123.05,house,A minor,4.3,0.77,230,"Experimental Bass","Feelin Sendy","Feelin Sendy",tracks/sergik-cork--9112e7a5.json
3d26f0f2-a583-47ae-9c8e-e30c74028691,sergik-cosmic-cadillac--3d26f0f2,"SERGIK - Cosmic Cadillac","SERGIK",true,123.05,house,A major,1.9,0.68,259,"Hip-Hop","Hip Hop","Hip Hop",tracks/sergik-cosmic-cadillac--3d26f0f2.json
337a09f5-e478-4fec-a7e9-f8ee35db52c0,sergik-crawling-vines--337a09f5,"SERGIK - Crawling Vines","SERGIK",true,103.36,funk_fusion,D minor,3.6,0.72,225,"Reggae","Daze","Daze",tracks/sergik-crawling-vines--337a09f5.json
98b8b8fc-a884-4e25-835a-e881040501ab,sergik-dat-feelin--98b8b8fc,"SERGIK - Dat Feelin","SERGIK",true,123.05,house,C major,,0,278,"Funky House","Party Time","Party Time",tracks/sergik-dat-feelin--98b8b8fc.json
936a24a4-7cfa-4704-a5eb-023f7ba8b44e,sergik-dat-feelin--936a24a4,"SERGIK - Dat Feelin","SERGIK",false,123.05,house,C major,,0,278,"Funky House","","",tracks/sergik-dat-feelin--936a24a4.json
e9a4fae5-b7cf-4295-8ea5-33964d8e6878,sergik-dat-feelin--e9a4fae5,"SERGIK - Dat Feelin","SERGIK",false,123.05,house,C major,4.6,0.78,278,"Funky House","","",tracks/sergik-dat-feelin--e9a4fae5.json
ae5251ad-3acc-409a-b483-7cf7eb87fab4,sergik-dat-feelin--ae5251ad,"SERGIK - Dat Feelin","SERGIK",false,123.05,house,C major,4.6,0.78,278,"Funky House","","",tracks/sergik-dat-feelin--ae5251ad.json
a969dc7f-4e59-4ab0-b36e-0c207715b662,sergik-dat-feelin--a969dc7f,"SERGIK - Dat Feelin","SERGIK",false,123.05,house,C major,4.6,0.78,278,"Funky House","","",tracks/sergik-dat-feelin--a969dc7f.json
57ba8534-6fc0-4dac-9e6f-0e8b85eedede,sergik-daze-v2--57ba8534,"SERGIK - Daze V2","SERGIK",true,103.36,funk_fusion,E major,4.2,0.63,251,"Reggae","Daze","Daze",tracks/sergik-daze-v2--57ba8534.json
ff440013-a43d-4957-97e0-afd1277ea8b9,sergik-deep-side-the-mood--ff440013,"SERGIK - Deep Side The Mood","SERGIK",true,136,cross_zone,B minor,,0,292,"Reggae","Reggae","Reggae",tracks/sergik-deep-side-the-mood--ff440013.json
a3f5965b-6b3f-4c99-aa16-1dfe0c7aaef8,sergik-deep-side-the-mood--a3f5965b,"SERGIK - Deep Side The Mood","SERGIK",false,136,cross_zone,B minor,,0,292,"Reggae","","",tracks/sergik-deep-side-the-mood--a3f5965b.json
d656510a-4cb1-4353-b4b4-506b881165c0,sergik-deep-side-the-mood--d656510a,"SERGIK - Deep Side The Mood","SERGIK",false,136,cross_zone,B minor,3.8,0.75,292,"Reggae","","",tracks/sergik-deep-side-the-mood--d656510a.json
a70e4770-2a6e-4b5c-a613-3760da8e91ac,sergik-deep-side-the-mood--a70e4770,"SERGIK - Deep Side The Mood","SERGIK",false,136,cross_zone,B minor,3.8,0.75,292,"Reggae","","",tracks/sergik-deep-side-the-mood--a70e4770.json
24b39426-9aec-4e6b-b0d1-6ee064ceff89,sergik-deep-side-the-mood--24b39426,"SERGIK - Deep Side The Mood","SERGIK",false,136,cross_zone,B minor,3.8,0.75,292,"Reggae","","",tracks/sergik-deep-side-the-mood--24b39426.json
d898aa1a-f5cf-4c4f-97c8-117f835a67e9,sergik-deeper--d898aa1a,"SERGIK - Deeper","SERGIK",true,117.45,funk_fusion,A minor,3.7,0.7,250,"Experimental Bass","Inspire","Inspire",tracks/sergik-deeper--d898aa1a.json
1fda9b0e-2ce1-419f-97f3-2a1fc1c04d8d,sergik-discodellic--1fda9b0e,"SERGIK - Discodellic","SERGIK",true,129.2,tech_house,G minor,4,0.76,248,"Reggae","Deep n Funky","Deep n Funky",tracks/sergik-discodellic--1fda9b0e.json
cdb61fc6-bcfa-4ae3-9ea2-c6b63c0c9086,sergik-divine-molecules--cdb61fc6,"SERGIK - Divine Molecules","SERGIK",true,123.05,house,F# minor,3.5,0.74,238,"Funky House","Deep n Funky","Deep n Funky",tracks/sergik-divine-molecules--cdb61fc6.json
0e1693da-f583-4050-9361-20e46e4da628,sergik-dmn8r-s-ftp-vip--0e1693da,"SERGIK - Dmn8r's (FTP VIP)","SERGIK",true,89.1,downtempo,G major,4.8,0.79,250,"Reggae","FTP","FTP",tracks/sergik-dmn8r-s-ftp-vip--0e1693da.json
8a40210f-cc87-4ed9-a1e1-ddbadd73664e,sergik-dmn8r-s-ftp-vip--8a40210f,"SERGIK - Dmn8r's (FTP VIP)","SERGIK",false,123.05,house,G minor,4.8,0.79,250,"Funky House","","",tracks/sergik-dmn8r-s-ftp-vip--8a40210f.json
b2e09ed7-35a6-4248-8c6c-ab23ce1b4138,sergik-do-my-thang--b2e09ed7,"SERGIK - Do My Thang","SERGIK",true,129.2,tech_house,A minor,3.5,0.74,236,"Tech House","Funktioneers","Funktioneers",tracks/sergik-do-my-thang--b2e09ed7.json
b6997fd2-9252-47fd-9add-9ffec9a58c7a,sergik-doin-ma-thang--b6997fd2,"SERGIK - Doin Ma Thang","SERGIK",true,129.2,tech_house,C minor,3.7,0.75,270,"Experimental Bass","Vice & Virtues","Vice & Virtues",tracks/sergik-doin-ma-thang--b6997fd2.json
15da93bc-5939-487c-be13-3d16f7493c73,sergik-dont-go--15da93bc,"SERGIK - Dont Go","SERGIK",true,123.05,house,B major,3.9,0.76,261,"Funky House","Funktioneers","Funktioneers",tracks/sergik-dont-go--15da93bc.json
a77ef7b8-0284-48da-8ad1-57b22ff6a842,sergik-dont-mind-me--a77ef7b8,"SERGIK - Dont Mind Me","SERGIK",true,117.45,funk_fusion,G major,3.4,0.72,264,"Disco","Deep n Funky","Deep n Funky",tracks/sergik-dont-mind-me--a77ef7b8.json
57d1f91e-5bd2-40ef-896a-7da07750495b,sergik-dont-stop-v3--57d1f91e,"SERGIK - Dont Stop V3","SERGIK",true,123.05,house,F major,4.9,0.8,221,"Funky House","Funktioneers","Funktioneers",tracks/sergik-dont-stop-v3--57d1f91e.json
ee6c8035-e6c1-403f-893a-7b538bae5029,sergik-dont-you--ee6c8035,"SERGIK - Dont You","SERGIK",true,129.2,tech_house,A minor,3.2,0.73,262,"Reggae","Party Time","Party Time",tracks/sergik-dont-you--ee6c8035.json
09df8aee-38d2-4544-bc88-0456bed9ec24,sergik-double-d-s--09df8aee,"SERGIK - Double D's","SERGIK",true,129.2,tech_house,A minor,4.4,0.78,249,"Experimental Bass","Funktioneers","Funktioneers",tracks/sergik-double-d-s--09df8aee.json
4d675306-dbc1-408b-ad67-efbe1326cfaa,sergik-dubonaut--4d675306,"SERGIK - Dubonaut","SERGIK",true,129.2,tech_house,A minor,4.7,0.79,265,"Tech House","Reggae","Reggae",tracks/sergik-dubonaut--4d675306.json
8113062b-86b2-49e9-912a-c08bc3cef43f,sergik-electrify--8113062b,"SERGIK - Electrify","SERGIK",true,123.05,house,D major,5.2,0.81,248,"Funky House","Funktioneers","Funktioneers",tracks/sergik-electrify--8113062b.json
813fa3b2-37c2-4eba-a510-5a332f7fbba5,sergik-electrify-2--813fa3b2,"SERGIK - Electrify 2","SERGIK",true,123.05,house,A major,4.2,0.77,246,"Funky House","In The Streets","In The Streets",tracks/sergik-electrify-2--813fa3b2.json
27b5d6bf-d218-4633-92f5-50b6f3301e4a,sergik-electrify-2--27b5d6bf,"SERGIK - Electrify 2","SERGIK",false,123.05,house,A major,4.2,0.77,246,"Funky House","","",tracks/sergik-electrify-2--27b5d6bf.json
aced440d-be1f-4ca3-a8ef-575cdfd6b804,sergik-elevator-musik--aced440d,"SERGIK - Elevator Musik","SERGIK",true,129.2,tech_house,G minor,3.5,0.74,227,"Experimental Bass","Are We Awake","Are We Awake",tracks/sergik-elevator-musik--aced440d.json
d76aa54c-44b0-4975-a08d-1dda61e6f7f5,sergik-elevator-musik--d76aa54c,"SERGIK - Elevator Musik","SERGIK",false,129.2,tech_house,G minor,3.5,0.74,227,"Experimental Bass","","",tracks/sergik-elevator-musik--d76aa54c.json
a0041d52-8cc0-4f3e-bed8-603c432a5db3,sergik-elevator-musik--a0041d52,"SERGIK - Elevator Musik","SERGIK",false,129.2,tech_house,G minor,3.5,0.74,227,"Experimental Bass","","",tracks/sergik-elevator-musik--a0041d52.json
eebaf8f7-7d36-4655-9ad1-3ad45d54e310,sergik-everyday-dub-reggae-srgflip--eebaf8f7,"SERGIK - Everyday (Dub Reggae SRGFLiP)","SERGIK",true,152,cross_zone,G# minor,3.2,0.65,238,"Experimental Bass","Reggae","Reggae",tracks/sergik-everyday-dub-reggae-srgflip--eebaf8f7.json
ffee5f05-df86-494d-afb6-c8b25b39ca76,sergik-everyday-gratitude--ffee5f05,"SERGIK - Everyday Gratitude","SERGIK",true,123.05,house,G minor,3.5,0.74,254,"Experimental Bass","Deep n Funky","Deep n Funky",tracks/sergik-everyday-gratitude--ffee5f05.json
f663f7da-d4c8-4eaa-a8cf-415ee10139d2,sergik-everyday-gratitude-freedom-srgflip--f663f7da,"SERGIK - Everyday Gratitude (Freedom SRGFLiP","SERGIK",true,123.05,house,G minor,3.5,0.74,254,"House","Deep n Funky","Deep n Funky",tracks/sergik-everyday-gratitude-freedom-srgflip--f663f7da.json
e715894c-a6f1-41e4-bd33-aa1b70a6dd72,sergik-everyday-gratitude-1--e715894c,"SERGIK - Everyday Gratitude 1","SERGIK",true,123.05,house,G minor,3.4,0.74,254,"Experimental Bass","Soul Candy","Soul Candy",tracks/sergik-everyday-gratitude-1--e715894c.json
e968778d-8b47-4e5e-8107-333d3b43e8d5,sergik-everyday-gratitude-1--e968778d,"SERGIK - Everyday Gratitude 1","SERGIK",false,123.05,house,G minor,3.4,0.74,254,"Experimental Bass","","",tracks/sergik-everyday-gratitude-1--e968778d.json
13552d10-e84c-420f-bd3f-7ab92fa00a0b,sergik-feeling-lit--13552d10,"SERGIK - Feeling Lit","SERGIK",true,123.05,house,E minor,,0,202,"Hip-Hop","Party Time","Party Time",tracks/sergik-feeling-lit--13552d10.json
7d3de857-c8dd-4ddd-80c7-ea457428f766,sergik-feeling-lit--7d3de857,"SERGIK - Feeling Lit","SERGIK",false,123.05,house,E minor,,0,202,"Hip-Hop","","",tracks/sergik-feeling-lit--7d3de857.json
bb481cc3-2441-4597-8397-e0f922e1e245,sergik-feeling-lit--bb481cc3,"SERGIK - Feeling Lit","SERGIK",false,123.05,house,E minor,4.3,0.77,202,"Hip-Hop","","",tracks/sergik-feeling-lit--bb481cc3.json
0ec9c243-f341-414b-9e02-6d7733d767b1,sergik-feeling-lit--0ec9c243,"SERGIK - Feeling Lit","SERGIK",false,123.05,house,E minor,4.3,0.77,202,"Hip-Hop","","",tracks/sergik-feeling-lit--0ec9c243.json
6a664db7-40b9-4cef-8070-20da1db77f95,sergik-feeling-lit--6a664db7,"SERGIK - Feeling Lit","SERGIK",false,123.05,house,E minor,4.3,0.77,202,"Hip-Hop","","",tracks/sergik-feeling-lit--6a664db7.json
1147da22-be34-4dda-8925-7a5597f0190b,sergik-fk-wat-they-say--1147da22,"SERGIK - Fk Wat They Say","SERGIK",true,123.05,house,G# minor,3.7,0.75,234,"Funky House","Funktioneers","Funktioneers",tracks/sergik-fk-wat-they-say--1147da22.json
2e73d186-6e84-42a3-a6ec-fb5b22f2241a,sergik-forza--2e73d186,"SERGIK - Forza","SERGIK",true,129.2,tech_house,A minor,,0,259,"Tech House","Daze","Daze",tracks/sergik-forza--2e73d186.json
cbe45d8a-766c-4671-a33f-c4864cbc8fcc,sergik-forza--cbe45d8a,"SERGIK - Forza","SERGIK",false,129.2,tech_house,A minor,,0,259,"Tech House","","",tracks/sergik-forza--cbe45d8a.json
4b27fc97-2537-4abb-9ca2-0f128fabfe76,sergik-forza--4b27fc97,"SERGIK - Forza","SERGIK",false,129.2,tech_house,A minor,3.9,0.76,259,"Tech House","","",tracks/sergik-forza--4b27fc97.json
ca06aa5a-18fb-40db-afce-b0e20bdf9bbb,sergik-forza--ca06aa5a,"SERGIK - Forza","SERGIK",false,129.2,tech_house,A minor,3.9,0.76,259,"Tech House","","",tracks/sergik-forza--ca06aa5a.json
ddd8f898-cdbf-4431-9113-5f6a9e455072,sergik-forza--ddd8f898,"SERGIK - Forza","SERGIK",false,129.2,tech_house,A minor,3.9,0.76,259,"Tech House","","",tracks/sergik-forza--ddd8f898.json
e4e9624b-5668-4b92-bbf9-69e670d96bee,sergik-freaks-n-beats--e4e9624b,"SERGIK - Freaks n Beats","SERGIK",true,123.05,house,G major,5,0.8,230,"Funky House","Funktioneers","Funktioneers",tracks/sergik-freaks-n-beats--e4e9624b.json
ff975760-95b6-422d-add2-bba0d29e61e7,sergik-ftp--ff975760,"SERGIK - FTP","SERGIK",true,89.1,downtempo,G major,2.8,0.41,347,"Reggae","FTP","FTP",tracks/sergik-ftp--ff975760.json
23689b42-3ae1-4b6b-8a6d-3d51af14cff4,sergik-funkdamentals--23689b42,"SERGIK - Funkdamentals","SERGIK",true,123.05,house,A minor,4.3,0.77,262,"Funky House","Funktioneers","Funktioneers",tracks/sergik-funkdamentals--23689b42.json
9cec87b3-67f3-45f2-8837-a462e936d288,sergik-funky-technician--9cec87b3,"SERGIK - Funky Technician","SERGIK",true,129.2,tech_house,G minor,4.3,0.77,231,"Hip-Hop","Funktioneers","Funktioneers",tracks/sergik-funky-technician--9cec87b3.json
117ea3cb-8770-47c3-b5c3-208a1f542853,sergik-funky-technician-1--117ea3cb,"SERGIK - Funky Technician 1","SERGIK",true,129.2,tech_house,A minor,4.4,0.78,325,"Reggae","Party Time","Party Time",tracks/sergik-funky-technician-1--117ea3cb.json
441cdf20-0185-4696-a9ad-85300fe19000,sergik-game--441cdf20,"SERGIK - Game","SERGIK",true,123.05,house,A minor,4.4,0.78,213,"Deep House","Vice & Virtues","Vice & Virtues",tracks/sergik-game--441cdf20.json
edd0be0a-8e34-4140-9699-554228e5f567,sergik-giddup--edd0be0a,"SERGIK - Giddup","SERGIK",true,123.05,house,C minor,3.3,0.73,263,"Funky House","Deep n Funky","Deep n Funky",tracks/sergik-giddup--edd0be0a.json
57308200-dca0-4a5c-b619-354fe19a49ae,sergik-going-fast3--57308200,"SERGIK - Going Fast3","SERGIK",true,123.05,house,A minor,3.5,0.74,265,"Funky House","Funktioneers","Funktioneers",tracks/sergik-going-fast3--57308200.json
1e0ff658-2b69-4685-aef9-337a82dea765,sergik-going-gone-122bpm--1e0ff658,"SERGIK - Going Gone 122bpm","SERGIK",true,122,house,A minor,4.4,0.78,260,"Funky House","Deep n Funky","Deep n Funky",tracks/sergik-going-gone-122bpm--1e0ff658.json
53b0eb2f-1189-4e50-aabe-523abb940d11,sergik-golden-hour-trap--53b0eb2f,"SERGIK - Golden Hour - Trap","SERGIK",true,123.05,house,A major,3.4,0.74,221,"Experimental Bass","Hip Hop","Hip Hop",tracks/sergik-golden-hour-trap--53b0eb2f.json
030de574-a45d-4f8c-a2e3-24cffcfd2cc8,sergik-gone-floating--030de574,"SERGIK - Gone Floating","SERGIK",true,117.45,funk_fusion,A major,4.8,0.79,312,"Disco","Deep n Funky","Deep n Funky",tracks/sergik-gone-floating--030de574.json
be02484f-d9da-4637-9998-9dcc69a59895,sergik-good--be02484f,"SERGIK - Good","SERGIK",true,123.05,house,F# major,3.3,0.73,248,"Funky House","Party Time","Party Time",tracks/sergik-good--be02484f.json
4fcf234b-b822-45d7-994a-5c384628c0fe,sergik-good--4fcf234b,"SERGIK - Good","SERGIK",false,123.05,house,F# major,3.3,0.73,248,"Funky House","","",tracks/sergik-good--4fcf234b.json
fba58db1-f8ac-4ef1-b8d8-8e6b5685e876,sergik-got-dat--fba58db1,"SERGIK - Got Dat","SERGIK",true,123.05,house,G minor,4,0.76,206,"Funky House","Funktioneers","Funktioneers",tracks/sergik-got-dat--fba58db1.json
7dc9d617-c550-438d-8ecf-2fe707ad3a12,sergik-gypsy-house-1--7dc9d617,"SERGIK - Gypsy - House 1","SERGIK",true,117.45,funk_fusion,D major,3.6,0.74,242,"Disco","Party Time","Party Time",tracks/sergik-gypsy-house-1--7dc9d617.json
3fd16b75-f087-4662-8614-c48e54e40fc5,sergik-happiness-2--3fd16b75,"SERGIK - Happiness 2","SERGIK",true,123.05,house,F major,4.1,0.72,230,"Hip-Hop","Party Time","Party Time",tracks/sergik-happiness-2--3fd16b75.json
65375a36-41ba-4c83-b23a-1e9c7f7acff3,sergik-happiness-2--65375a36,"SERGIK - Happiness 2","SERGIK",false,123.05,house,F major,4.1,0.72,230,"Hip-Hop","","",tracks/sergik-happiness-2--65375a36.json
88424c1d-de71-440f-8227-d2dcfc682f12,sergik-have-to-dance--88424c1d,"SERGIK - Have To Dance","SERGIK",true,123.05,house,A minor,5.1,0.8,253,"Funky House","Funktioneers","Funktioneers",tracks/sergik-have-to-dance--88424c1d.json
77918b4d-f781-4ef1-896c-69253f00dacc,sergik-have-to-do-it--77918b4d,"SERGIK - Have To Do It","SERGIK",true,123.05,house,D minor,3.2,0.73,326,"Experimental Bass","Deep n Funky","Deep n Funky",tracks/sergik-have-to-do-it--77918b4d.json
6f57316e-87ab-47dc-95ab-1cefcb71ae44,sergik-high-class--6f57316e,"SERGIK - High Class","SERGIK",true,83.35,downtempo,A minor,3.3,0.73,274,"Reggae","Party Time","Party Time",tracks/sergik-high-class--6f57316e.json
e3dcec0a-628d-45a9-adb5-ce360c34cb93,sergik-hold-me-down--e3dcec0a,"SERGIK - Hold Me Down","SERGIK",true,129.2,tech_house,F minor,3.5,0.7,268,"Reggae","Funktioneers","Funktioneers",tracks/sergik-hold-me-down--e3dcec0a.json
09871762-b66e-403c-90e3-c7688b4a973a,sergik-how-ya--09871762,"SERGIK - How Ya","SERGIK",true,83.35,downtempo,A minor,5.3,0.81,217,"Reggae","Party Time","Party Time",tracks/sergik-how-ya--09871762.json
fe623628-aa84-47c1-ac23-ac969587ce11,sergik-how-ya--fe623628,"SERGIK - How Ya","SERGIK",false,83.35,downtempo,A minor,5.3,0.81,217,"Reggae","","",tracks/sergik-how-ya--fe623628.json
81a82ea5-abd1-4822-9aa3-690fab59af77,sergik-how-ya--81a82ea5,"SERGIK - How Ya","SERGIK",false,83.35,downtempo,A minor,5.3,0.81,217,"Reggae","","",tracks/sergik-how-ya--81a82ea5.json
e9a87a30-43c2-4734-bf7c-0b9e4321989f,sergik-i-feel-good--e9a87a30,"SERGIK - I Feel Good","SERGIK",true,129.2,tech_house,A minor,4.5,0.78,265,"Tech House","Deep n Funky","Deep n Funky",tracks/sergik-i-feel-good--e9a87a30.json
73cae637-09ad-47e4-820a-87b628854fc5,sergik-illusions--73cae637,"SERGIK - Illusions","SERGIK",true,123.05,house,A major,3.9,0.76,296,"Funky House","Deep n Funky","Deep n Funky",tracks/sergik-illusions--73cae637.json
3661ec21-69ae-45c5-b7ad-5515f899a5cb,sergik-in-the-moment--3661ec21,"SERGIK - In The Moment","SERGIK",true,123.05,house,D minor,3.7,0.75,221,"Experimental Bass","Deep n Funky","Deep n Funky",tracks/sergik-in-the-moment--3661ec21.json
2088c4da-9b85-4560-ae17-e4bc72109e15,sergik-in-the-streets-2--2088c4da,"SERGIK - In The Streets 2","SERGIK",true,123.05,house,A major,2.9,0.72,276,"Funky House","In The Streets","In The Streets",tracks/sergik-in-the-streets-2--2088c4da.json
81eaf0d0-0c26-41f2-8079-41f5165357ca,sergik-inspire--81eaf0d0,"SERGIK - Inspire","SERGIK",true,143.55,cross_zone,C# minor,1.5,0.66,195,"Experimental Bass","Inspire","Inspire",tracks/sergik-inspire--81eaf0d0.json
3d32b7e9-9d26-49dc-b291-1dc966aea804,sergik-inspire--3d32b7e9,"SERGIK - Inspire","SERGIK",false,143.55,cross_zone,C# minor,1.5,0.66,195,"Experimental Bass","","",tracks/sergik-inspire--3d32b7e9.json
037a15c5-9a82-495b-8f80-3ca0795b0fbe,sergik-its-on-till-dawn--037a15c5,"Sergik - Its On till Dawn","SERGIK",true,123.05,house,Unknown,3.8,0.75,280,"Reggae","Party Time","Party Time",tracks/sergik-its-on-till-dawn--037a15c5.json
ad465d61-80c1-49d1-a964-2cf7a57241e4,sergik-its-on-till-dawn--ad465d61,"Sergik - Its On till Dawn","SERGIK",false,123.05,house,,,0,280,"Reggae","","",tracks/sergik-its-on-till-dawn--ad465d61.json
e6885402-9bd5-4692-a632-07ebe95560d1,sergik-its-on-till-dawn--e6885402,"Sergik - Its On till Dawn","SERGIK",false,123.05,house,,,0,280,"Reggae","","",tracks/sergik-its-on-till-dawn--e6885402.json
40211b6d-0574-4acb-b8bd-704a12d03fbd,sergik-its-on-till-dawn--40211b6d,"Sergik - Its On till Dawn","SERGIK",false,123.05,house,Unknown,3.8,0.75,280,"Reggae","","",tracks/sergik-its-on-till-dawn--40211b6d.json
59b725ba-2207-4c7f-b52a-f6f5c8e4b484,sergik-its-on-till-dawn--59b725ba,"Sergik - Its On till Dawn","SERGIK",false,123.05,house,Unknown,3.8,0.75,280,"Reggae","","",tracks/sergik-its-on-till-dawn--59b725ba.json
7d3afff9-2092-4900-ba9b-35b0ddc49ae5,sergik-its-on-till-dawn--7d3afff9,"Sergik - Its On till Dawn","SERGIK",false,123.05,house,Unknown,3.8,0.75,280,"Reggae","","",tracks/sergik-its-on-till-dawn--7d3afff9.json
f53efde0-ae85-4b44-8cb3-65f29a6c078f,sergik-jahdelicah-1--f53efde0,"SERGIK - Jahdelicah 1","SERGIK",true,123.05,house,E minor,3.8,0.75,278,"Funky House","UTOPIA","UTOPIA",tracks/sergik-jahdelicah-1--f53efde0.json
07282a58-cbc2-4fce-b63e-66840baef357,sergik-jahdelicah-1--07282a58,"SERGIK - Jahdelicah 1","SERGIK",false,123.05,house,E minor,3.8,0.75,278,"Funky House","","",tracks/sergik-jahdelicah-1--07282a58.json
221fc1b7-e7c9-4db7-9072-2eede8a2314f,sergik-jumpin-v2--221fc1b7,"SERGIK - Jumpin v2","SERGIK",true,129.2,tech_house,A minor,5.1,0.8,255,"Experimental Bass","Funktioneers","Funktioneers",tracks/sergik-jumpin-v2--221fc1b7.json
21faee5c-beae-4684-93c6-a4f840434994,sergik-last-night--21faee5c,"SERGIK - Last Night","SERGIK",true,123.05,house,A# major,4.7,0.79,271,"Funky House","Staying A Vibe","Staying A Vibe",tracks/sergik-last-night--21faee5c.json
e18006d2-11fc-4d1f-9d41-4b28b6b0ce0a,sergik-life-1--e18006d2,"SERGIK - Life 1","SERGIK",true,92.29,funk_fusion,G# major,1.1,0.5,222,"Reggae","Inspire","Inspire",tracks/sergik-life-1--e18006d2.json
92d807a1-a729-45ac-9d62-7483cc775dc1,sergik-life-1--92d807a1,"SERGIK - Life 1","SERGIK",false,92.29,funk_fusion,G# major,,0,222,"Reggae","","",tracks/sergik-life-1--92d807a1.json
c4b722b3-b2fb-45bd-ad7d-50ea1c9471b8,sergik-life-1--c4b722b3,"SERGIK - Life 1","SERGIK",false,92.29,funk_fusion,G# major,,0,222,"Reggae","","",tracks/sergik-life-1--c4b722b3.json
e90a1ea1-6df2-444c-acdc-4f83b08775a2,sergik-life-1--e90a1ea1,"SERGIK - Life 1","SERGIK",false,92.29,funk_fusion,G# major,1.1,0.5,222,"Reggae","","",tracks/sergik-life-1--e90a1ea1.json
7d26a801-75a3-45ca-884e-0813e60b6022,sergik-life-1--7d26a801,"SERGIK - Life 1","SERGIK",false,92.29,funk_fusion,G# major,1.1,0.5,222,"Reggae","","",tracks/sergik-life-1--7d26a801.json
4e27df41-600c-4d49-91ba-d88582eed410,sergik-life-1--4e27df41,"SERGIK - Life 1","SERGIK",false,92.29,funk_fusion,G# major,1.1,0.5,222,"Reggae","","",tracks/sergik-life-1--4e27df41.json
992bfede-6911-4765-98b0-5dcfc6ccf57d,sergik-like-that--992bfede,"SERGIK - Like That","SERGIK",true,123.05,house,Unknown,3.3,0.73,302,"Funky House","Party Time","Party Time",tracks/sergik-like-that--992bfede.json
2a557169-75a8-4b88-8f6a-f2b93b6808c0,sergik-like-that-1--2a557169,"SERGIK - Like That 1","SERGIK",true,123.05,house,Unknown,4.1,0.76,219,"Funky House","Feelin Sendy","Feelin Sendy",tracks/sergik-like-that-1--2a557169.json
74f83285-ca7d-49b3-8a8d-ac191dbd8a6b,sergik-like-the-ol-days--74f83285,"SERGIK - Like The Ol Days","SERGIK",true,136,cross_zone,A minor,,0,209,"Tech House","Inspire","Inspire",tracks/sergik-like-the-ol-days--74f83285.json
5530feff-c1de-4393-9949-5163e2ef1cca,sergik-like-the-ol-days--5530feff,"SERGIK - Like The Ol Days","SERGIK",false,136,cross_zone,A minor,,0,209,"Tech House","","",tracks/sergik-like-the-ol-days--5530feff.json
33f3b46a-4176-4e8b-89f0-8d54c4a6b80e,sergik-like-the-ol-days--33f3b46a,"SERGIK - Like The Ol Days","SERGIK",false,136,cross_zone,A minor,3.5,0.74,209,"Tech House","","",tracks/sergik-like-the-ol-days--33f3b46a.json
79b1f2d5-c82a-429b-98c4-2ec5c74e42e8,sergik-like-the-ol-days--79b1f2d5,"SERGIK - Like The Ol Days","SERGIK",false,136,cross_zone,A minor,3.5,0.74,209,"Tech House","","",tracks/sergik-like-the-ol-days--79b1f2d5.json
97ec4a52-5c76-4cc9-8565-b2b9b7ca800f,sergik-like-the-ol-days--97ec4a52,"SERGIK - Like The Ol Days","SERGIK",false,136,cross_zone,A minor,3.5,0.74,209,"Tech House","","",tracks/sergik-like-the-ol-days--97ec4a52.json
bdb71647-0e52-46ff-8e0f-41cd13f05da4,sergik-like-the-ol-days-bass-vip--bdb71647,"SERGIK - Like The Ol Days (Bass VIP)","SERGIK",true,143.55,cross_zone,A minor,3.4,0.74,209,"Trap","UTOPIA","UTOPIA",tracks/sergik-like-the-ol-days-bass-vip--bdb71647.json
4e8ac424-6261-42b6-a9fc-63f3c9c8e9a3,sergik-like-the-ol-days-bass-vip--4e8ac424,"SERGIK - Like The Ol Days (Bass VIP)","SERGIK",false,143.55,cross_zone,A minor,3.4,0.74,209,"Trap","","",tracks/sergik-like-the-ol-days-bass-vip--4e8ac424.json
f6deb0fa-bc06-461e-b117-54e82247d6eb,sergik-man-on-a-journey--f6deb0fa,"SERGIK - Man On A Journey","SERGIK",true,136,cross_zone,D# major,4.1,0.76,260,"Reggae","UTOPIA","UTOPIA",tracks/sergik-man-on-a-journey--f6deb0fa.json
22020e83-d81f-43fa-92f7-6f0ebf16f58b,sergik-man-on-a-journey--22020e83,"SERGIK - Man On A Journey","SERGIK",false,136,cross_zone,D# major,4.1,0.76,260,"Reggae","","",tracks/sergik-man-on-a-journey--22020e83.json
2da196da-f035-4ff6-aa66-fabd2ddd5c67,sergik-melt-2--2da196da,"SERGIK - Melt 2","SERGIK",true,83.35,downtempo,A major,,0,244,"Reggae","In The Streets","In The Streets",tracks/sergik-melt-2--2da196da.json
203e333c-6e6e-428c-bc74-525db12b4de6,sergik-melt-2--203e333c,"SERGIK - Melt 2","SERGIK",false,83.35,downtempo,A major,,0,244,"Reggae","","",tracks/sergik-melt-2--203e333c.json
c0232962-0cb9-4e43-a0b2-a653c5db2cf7,sergik-melt-2--c0232962,"SERGIK - Melt 2","SERGIK",false,83.35,downtempo,A major,3.5,0.74,244,"Reggae","","",tracks/sergik-melt-2--c0232962.json
2f712d6d-a3cf-4b98-9399-6b9fb5b0b679,sergik-melt-2--2f712d6d,"SERGIK - Melt 2","SERGIK",false,83.35,downtempo,A major,3.5,0.74,244,"Reggae","","",tracks/sergik-melt-2--2f712d6d.json
f79417e0-50eb-4c66-b9ea-a84691298f79,sergik-melt-2--f79417e0,"SERGIK - Melt 2","SERGIK",false,83.35,downtempo,A major,3.5,0.74,244,"Reggae","","",tracks/sergik-melt-2--f79417e0.json
30ffc396-1475-43eb-aa5b-3bf7edde577f,sergik-melt-2--30ffc396,"SERGIK - Melt 2","SERGIK",false,83.35,downtempo,A major,3.5,0.74,244,"Reggae","","",tracks/sergik-melt-2--30ffc396.json
a840aed1-54e5-46a6-8722-6f91ff2e089e,sergik-mind-n-body--a840aed1,"SERGIK - Mind n Body","SERGIK",true,123.05,house,D minor,3.6,0.74,276,"Funky House","Staying A Vibe","Staying A Vibe",tracks/sergik-mind-n-body--a840aed1.json
a46c2733-dfe1-461e-9164-4809a98ac975,sergik-money-talk-bs-walk--a46c2733,"SERGIK - Money Talk Bs Walk","SERGIK",true,123.05,house,Unknown,4.7,0.79,234,"Funky House","Party Time","Party Time",tracks/sergik-money-talk-bs-walk--a46c2733.json
5b8d1436-4516-4669-92d5-c134a031dbb8,sergik-money-talk-bs-walk--5b8d1436,"SERGIK - Money Talk Bs Walk","SERGIK",false,123.05,house,Unknown,4.7,0.79,234,"Funky House","","",tracks/sergik-money-talk-bs-walk--5b8d1436.json
c5576a97-ffa1-4cf9-abd4-7f8c4dcb7de1,sergik-more-than-life--c5576a97,"SERGIK - More Than Life","SERGIK",true,123.05,house,F minor,4.5,0.78,281,"Funky House","Deep n Funky","Deep n Funky",tracks/sergik-more-than-life--c5576a97.json
ca131d75-7946-469b-8cc1-2271b3013c43,sergik-movin--ca131d75,"SERGIK - Movin","SERGIK",true,123.05,house,D# minor,4.6,0.78,232,"Funky House","Funktioneers","Funktioneers",tracks/sergik-movin--ca131d75.json
fe8da848-c848-4177-9b2f-d8dcb3e9403d,sergik-mr-dj--fe8da848,"SERGIK - Mr. DJ","SERGIK",true,129.2,tech_house,A minor,4.4,0.78,246,"Experimental Bass","Funktioneers","Funktioneers",tracks/sergik-mr-dj--fe8da848.json
13c85f92-6690-4bee-a41e-6140a86bcd09,sergik-music-is-my-drug--13c85f92,"Sergik - Music is my drug","SERGIK",true,123.05,house,C major,3.9,0.71,234,"Funky House","Feelin Sendy","Feelin Sendy",tracks/sergik-music-is-my-drug--13c85f92.json
a9190ce5-07c4-4c03-8a4d-d7843a345060,sergik-music-is-my-drug--a9190ce5,"Sergik - Music is my drug","SERGIK",false,123.05,house,C major,3.9,0.71,234,"Funky House","","",tracks/sergik-music-is-my-drug--a9190ce5.json
1f818e3f-778c-494d-aeee-0201820eea11,sergik-musik-is-the-answr--1f818e3f,"SERGIK - Musik Is The Answr","SERGIK",true,123.05,house,D minor,3.7,0.75,221,"Experimental Bass","Party Time","Party Time",tracks/sergik-musik-is-the-answr--1f818e3f.json
ed2b52ca-5c31-45db-83d2-ab697869f5c6,sergik-musik-is-the-answr--ed2b52ca,"SERGIK - Musik Is The Answr","SERGIK",false,123.05,house,D minor,,0,221,"Experimental Bass","","",tracks/sergik-musik-is-the-answr--ed2b52ca.json
dedbe940-7703-4aad-88e5-75f437ce6b0a,sergik-musik-is-the-answr--dedbe940,"SERGIK - Musik Is The Answr","SERGIK",false,123.05,house,D minor,,0,221,"Experimental Bass","","",tracks/sergik-musik-is-the-answr--dedbe940.json
447ab101-8e39-4e35-85e1-334d75a55a24,sergik-musik-is-the-answr--447ab101,"SERGIK - Musik Is The Answr","SERGIK",false,123.05,house,D minor,3.7,0.75,221,"Experimental Bass","","",tracks/sergik-musik-is-the-answr--447ab101.json
d7f3ecbf-fde0-41f0-9d70-2b50f8b8d295,sergik-musik-is-the-answr--d7f3ecbf,"SERGIK - Musik Is The Answr","SERGIK",false,123.05,house,D minor,3.7,0.75,221,"Experimental Bass","","",tracks/sergik-musik-is-the-answr--d7f3ecbf.json
fc3bdc4e-8c58-46e6-9e03-d268eff28f39,sergik-musik-is-the-answr--fc3bdc4e,"SERGIK - Musik Is The Answr","SERGIK",false,123.05,house,D minor,3.7,0.75,221,"Experimental Bass","","",tracks/sergik-musik-is-the-answr--fc3bdc4e.json
c94fc0ba-2803-45c6-b2ae-c087f4199080,sergik-my-type--c94fc0ba,"SERGIK - My Type","SERGIK",true,123.05,house,F major,4.8,0.79,297,"Reggae","Funktioneers","Funktioneers",tracks/sergik-my-type--c94fc0ba.json
f17f0c8a-49d8-4686-b722-92b3a68a005b,sergik-needs--f17f0c8a,"SERGIK - Needs","SERGIK",true,123.05,house,A minor,4.2,0.77,276,"Funky House","Deep n Funky","Deep n Funky",tracks/sergik-needs--f17f0c8a.json
c342822a-703d-429e-9a47-cd427fa85b23,sergik-no-stopping--c342822a,"SERGIK - No Stopping","SERGIK",true,123.05,house,A minor,3.4,0.74,259,"Funky House","Are We Awake","Are We Awake",tracks/sergik-no-stopping--c342822a.json
10e9b2ba-48fd-470b-8d68-9b7f7dc9a8e3,sergik-no-stopping--10e9b2ba,"SERGIK - No Stopping","SERGIK",false,123.05,house,A minor,3.4,0.74,259,"Funky House","","",tracks/sergik-no-stopping--10e9b2ba.json
fdcf1bb7-e426-420f-9f86-83d391cfee4d,sergik-no-stopping--fdcf1bb7,"SERGIK - No Stopping","SERGIK",false,123.05,house,A minor,3.4,0.74,259,"Funky House","","",tracks/sergik-no-stopping--fdcf1bb7.json
b3966c9f-c7aa-44b6-a9ff-e1ce8cab8a74,sergik-not-the-type--b3966c9f,"SERGIK - Not the Type","SERGIK",true,123.05,house,A minor,4.2,0.77,205,"Funky House","Deep n Funky","Deep n Funky",tracks/sergik-not-the-type--b3966c9f.json
63a77510-ae02-494f-968c-9e9060b0be06,sergik-nothing-to-it--63a77510,"SERGIK - Nothing to it","SERGIK",true,123.05,house,Unknown,3.5,0.74,248,"Funky House","Deep n Funky","Deep n Funky",tracks/sergik-nothing-to-it--63a77510.json
5e48e24d-d944-46ed-b7ae-b193d20065ab,sergik-on-and-on--5e48e24d,"SERGIK - On and On","SERGIK",true,143.55,cross_zone,G minor,,0,252,"Trap","Hip Hop","Hip Hop",tracks/sergik-on-and-on--5e48e24d.json
ea2fff5e-b2d1-4d07-b752-dfefdfa3e29a,sergik-on-and-on--ea2fff5e,"SERGIK - On and On","SERGIK",false,143.55,cross_zone,G minor,,0,252,"Trap","","",tracks/sergik-on-and-on--ea2fff5e.json
69bf3a42-7f54-454b-8594-454927c813d1,sergik-on-and-on--69bf3a42,"SERGIK - On and On","SERGIK",false,143.55,cross_zone,G minor,1,0.17,252,"Trap","","",tracks/sergik-on-and-on--69bf3a42.json
611eb105-8f66-4756-ac4e-2bcc125bc212,sergik-on-and-on--611eb105,"SERGIK - On and On","SERGIK",false,143.55,cross_zone,G minor,1,0.17,252,"Trap","","",tracks/sergik-on-and-on--611eb105.json
706fcafc-07bb-4233-9907-80cc6524dd75,sergik-on-and-on--706fcafc,"SERGIK - On and On","SERGIK",false,143.55,cross_zone,G minor,1,0.17,252,"Trap","","",tracks/sergik-on-and-on--706fcafc.json
d1dab602-eaa2-47fd-9bd7-b6ee4cb0e1fd,sergik-on-and-on-badu-remix--d1dab602,"SERGIK - On and On(Badu Remix)","SERGIK",true,143.55,cross_zone,G minor,1.1,0.62,252,"Trap","Hip Hop","Hip Hop",tracks/sergik-on-and-on-badu-remix--d1dab602.json
0f05d269-e934-42b5-84ec-7140fa1e7b73,sergik-one-of-those-nights--0f05d269,"SERGIK - One Of Those Nights","SERGIK",true,129.2,tech_house,A minor,3.7,0.75,215,"Experimental Bass","FTP","FTP",tracks/sergik-one-of-those-nights--0f05d269.json
debd9366-3251-4cf3-8b08-6e8b168f78e3,sergik-opinions--debd9366,"SERGIK - Opinions","SERGIK",true,129.2,tech_house,Unknown,3.5,0.74,244,"Hip-Hop","Party Time","Party Time",tracks/sergik-opinions--debd9366.json
20af72c6-90ac-4a62-970c-750b33d784d8,sergik-opinions--20af72c6,"SERGIK - Opinions","SERGIK",false,129.2,tech_house,,,0,244,"Hip-Hop","","",tracks/sergik-opinions--20af72c6.json
099248bc-6767-4f09-a1b6-f340df14a7be,sergik-opinions--099248bc,"SERGIK - Opinions","SERGIK",false,129.2,tech_house,,,0,244,"Hip-Hop","","",tracks/sergik-opinions--099248bc.json
1915e688-4b8e-446d-b372-2a3f877c938f,sergik-opinions--1915e688,"SERGIK - Opinions","SERGIK",false,129.2,tech_house,Unknown,3.5,0.74,244,"Hip-Hop","","",tracks/sergik-opinions--1915e688.json
eb6b8919-905c-443a-bcd0-48d5ae84ae2b,sergik-opinions--eb6b8919,"SERGIK - Opinions","SERGIK",false,129.2,tech_house,Unknown,3.5,0.74,244,"Hip-Hop","","",tracks/sergik-opinions--eb6b8919.json
cb67e5ec-bebf-41ff-8fea-32f62cb17e45,sergik-opinions--cb67e5ec,"SERGIK - Opinions","SERGIK",false,129.2,tech_house,Unknown,3.5,0.74,244,"Hip-Hop","","",tracks/sergik-opinions--cb67e5ec.json
7a0a25b0-4add-4c7b-b51a-b9d39bf940c0,sergik-para-papa--7a0a25b0,"SERGIK - Para Papa","SERGIK",true,123.05,house,A minor,4.2,0.77,230,"Funky House","Funktioneers","Funktioneers",tracks/sergik-para-papa--7a0a25b0.json
ecfc9713-cd6e-49b5-8aff-30514dd6c13f,sergik-party-people--ecfc9713,"SERGIK - Party People","SERGIK",true,129.2,tech_house,C major,4.6,0.78,242,"Hip-Hop","Party Time","Party Time",tracks/sergik-party-people--ecfc9713.json
7175ff89-149f-4524-b179-51c9e31063b8,sergik-party-people--7175ff89,"SERGIK - Party People","SERGIK",false,129.2,tech_house,C major,,0,242,"Hip-Hop","","",tracks/sergik-party-people--7175ff89.json
ed6e1792-dfac-4a4d-87be-b494e5c444e7,sergik-party-people--ed6e1792,"SERGIK - Party People","SERGIK",false,129.2,tech_house,C major,,0,242,"Hip-Hop","","",tracks/sergik-party-people--ed6e1792.json
e565f21a-f783-476a-8381-a8dc399e6f8f,sergik-party-people--e565f21a,"SERGIK - Party People","SERGIK",false,129.2,tech_house,C major,4.6,0.78,242,"Hip-Hop","","",tracks/sergik-party-people--e565f21a.json
635c9efc-4415-4274-9d8a-da3a254b86c0,sergik-party-people--635c9efc,"SERGIK - Party People","SERGIK",false,129.2,tech_house,C major,4.6,0.78,242,"Hip-Hop","","",tracks/sergik-party-people--635c9efc.json
55f5d43c-611c-4132-b82d-800ba0c9a83e,sergik-party-people--55f5d43c,"SERGIK - Party People","SERGIK",false,129.2,tech_house,C major,4.6,0.78,242,"Hip-Hop","","",tracks/sergik-party-people--55f5d43c.json
17e1dde1-3949-4477-a01b-8e61e9cd584b,sergik-piece-of-your-luv-2--17e1dde1,"SERGIK - Piece Of Your Luv 2","SERGIK",true,123.05,house,C major,3.7,0.75,254,"Funky House","Funktioneers","Funktioneers",tracks/sergik-piece-of-your-luv-2--17e1dde1.json
1fc957fc-adbd-4b4b-8dc7-bf7bb52c2a92,sergik-pop-musik--1fc957fc,"SERGIK - Pop Musik","SERGIK",true,123.05,house,G# minor,3.4,0.74,247,"Funky House","Funktioneers","Funktioneers",tracks/sergik-pop-musik--1fc957fc.json
96941d9c-db24-4aa2-9813-546901fe93cc,sergik-pre-party--96941d9c,"SERGIK - Pre Party","SERGIK",true,123.05,house,F minor,2.4,0.7,276,"Funky House","Staying A Vibe","Staying A Vibe",tracks/sergik-pre-party--96941d9c.json
24026faf-abde-41af-a98a-5f91fdd420cb,sergik-rather-dance--24026faf,"SERGIK - Rather Dance","SERGIK",true,129.2,tech_house,A minor,4.7,0.79,242,"Experimental Bass","Funktioneers","Funktioneers",tracks/sergik-rather-dance--24026faf.json
1e31d15e-d2f2-4034-8fe7-994722fe0dab,sergik-rise-n-shine--1e31d15e,"SERGIK - Rise n Shine","SERGIK",true,83.35,downtempo,D major,2.5,0.49,215,"Hip-Hop","Hip Hop","Hip Hop",tracks/sergik-rise-n-shine--1e31d15e.json
f85df52d-c795-4b04-9497-34f95a5ba83e,sergik-rock-dem-feets--f85df52d,"SERGIK - Rock Dem Feets","SERGIK",true,123.05,house,Unknown,4.3,0.77,248,"Experimental Bass","Funktioneers","Funktioneers",tracks/sergik-rock-dem-feets--f85df52d.json
10f8b527-d1e0-49c9-989f-a30d9a982576,sergik-rules-dont-apply--10f8b527,"SERGIK - Rules Dont Apply","SERGIK",true,123.05,house,G# minor,4.3,0.5,221,"Hip-Hop","Funktioneers","Funktioneers",tracks/sergik-rules-dont-apply--10f8b527.json
cedf5a0b-2493-4b58-aac7-5a9b17512fac,sergik-salute--cedf5a0b,"SERGIK - Salute","SERGIK",true,83.35,downtempo,D major,4.9,0.8,278,"Hip-Hop","Funktioneers","Funktioneers",tracks/sergik-salute--cedf5a0b.json
ccf5dee8-e9ba-4fd8-99c1-5474070a9398,sergik-something--ccf5dee8,"SERGIK - Something","SERGIK",true,123.05,house,Unknown,4.4,0.78,248,"Hip-Hop","Funktioneers","Funktioneers",tracks/sergik-something--ccf5dee8.json
ca0aae77-1548-4d8a-a104-356582713b96,sergik-somthn-l-s--ca0aae77,"SERGIK - Somthn L's","SERGIK",true,129.2,tech_house,D minor,3.5,0.74,300,"Hip-Hop","Party Time","Party Time",tracks/sergik-somthn-l-s--ca0aae77.json
c5faf776-bc65-4895-9196-b459b8cda13b,sergik-soul-candy--c5faf776,"SERGIK - Soul Candy","SERGIK",true,117.45,funk_fusion,E major,4.2,0.75,246,"Reggae","Soul Candy","Soul Candy",tracks/sergik-soul-candy--c5faf776.json
99b2c5a7-096e-456f-8a5d-78893dc9cc80,sergik-soul-candy--99b2c5a7,"SERGIK - Soul Candy","SERGIK",false,117.45,funk_fusion,E major,4.2,0.75,246,"Reggae","","",tracks/sergik-soul-candy--99b2c5a7.json
84a2bf1f-1936-4776-a9b0-5598e72643aa,sergik-soul-mind-n-body-v2--84a2bf1f,"SERGIK - Soul Mind n Body v2","SERGIK",true,129.2,tech_house,A# minor,3.4,0.74,246,"Reggae","Funktioneers","Funktioneers",tracks/sergik-soul-mind-n-body-v2--84a2bf1f.json
28327f8d-d234-48c0-9ca4-759952ff2090,sergik-space-dust--28327f8d,"SERGIK - Space Dust","SERGIK",true,123.05,house,G# minor,3.2,0.73,148,"Funky House","Deep n Funky","Deep n Funky",tracks/sergik-space-dust--28327f8d.json
de019438-99c3-41a9-8410-8027f88462b7,sergik-spring-swing--de019438,"SERGIK - Spring Swing","SERGIK",true,123.05,house,C minor,4.7,0.79,257,"Deep House","Deep n Funky","Deep n Funky",tracks/sergik-spring-swing--de019438.json
6459f0ed-8b8d-4b84-9dbe-a6e83ce11542,sergik-spring-swing-1--6459f0ed,"SERGIK - Spring Swing 1","SERGIK",true,123.05,house,C minor,4.5,0.78,250,"Deep House","Soul Candy","Soul Candy",tracks/sergik-spring-swing-1--6459f0ed.json
246ceab6-7890-4ae3-83af-67ffd3737f70,sergik-spring-swing-1--246ceab6,"SERGIK - Spring Swing 1","SERGIK",false,123.05,house,C minor,4.5,0.78,250,"Deep House","","",tracks/sergik-spring-swing-1--246ceab6.json
a9a0f9b4-33d1-4288-a89f-da0927feab30,sergik-subliminal-acid--a9a0f9b4,"SERGIK - Subliminal acid","SERGIK",true,92.29,funk_fusion,D# minor,4.3,0.5,193,"Reggae","UTOPIA","UTOPIA",tracks/sergik-subliminal-acid--a9a0f9b4.json
cd9d83d0-dcb5-41fd-bf0c-14434034439f,sergik-subliminal-acid--cd9d83d0,"SERGIK - Subliminal acid","SERGIK",false,92.29,funk_fusion,D# minor,4.3,0.5,193,"Reggae","","",tracks/sergik-subliminal-acid--cd9d83d0.json
c22168a0-7132-449f-aa5e-de53c6ea1b54,sergik-sunrise-bass--c22168a0,"SERGIK - Sunrise Bass","SERGIK",true,136,cross_zone,C minor,4.3,0.77,231,"Tech House","Experimental : Free Form Bass","Experimental : Free Form Bass",tracks/sergik-sunrise-bass--c22168a0.json
ef9c4f4e-8b73-429a-ad29-4a716d6c8cf5,sergik-tell-her-v2--ef9c4f4e,"SERGIK - tell her v2","SERGIK",true,117.45,funk_fusion,A minor,3.7,0.73,281,"Disco","Party Time","Party Time",tracks/sergik-tell-her-v2--ef9c4f4e.json
f354b1a7-d880-4f68-8485-fdd4ae0df812,sergik-tell-her-v2--f354b1a7,"SERGIK - tell her v2","SERGIK",false,117.45,funk_fusion,A minor,3.7,0.73,281,"Disco","","",tracks/sergik-tell-her-v2--f354b1a7.json
09df06ad-4e7a-4adc-b6b8-142c2be53fef,sergik-tequila-power--09df06ad,"SERGIK - Tequila Power","SERGIK",true,123.05,house,A# minor,3.3,0.73,265,"Funky House","Staying A Vibe","Staying A Vibe",tracks/sergik-tequila-power--09df06ad.json
cb6dfd08-ce17-4c73-849b-1203d490ab2f,sergik-the-assignment-2--cb6dfd08,"SERGIK - The Assignment 2","SERGIK",true,123.05,house,G minor,3.9,0.76,219,"Funky House","In The Streets","In The Streets",tracks/sergik-the-assignment-2--cb6dfd08.json
12f7aaef-feb5-4910-84e8-3ce2923100cf,sergik-the-beat--12f7aaef,"SERGIK - The Beat","SERGIK",true,117.45,funk_fusion,A minor,4,0.76,226,"Disco","Deep n Funky","Deep n Funky",tracks/sergik-the-beat--12f7aaef.json
e4649072-5244-4256-ab9c-8b757a094e99,sergik-the-bomb--e4649072,"SERGIK - The Bomb","SERGIK",true,129.2,tech_house,A minor,4.8,0.79,230,"Tech House","Feelin Sendy","Feelin Sendy",tracks/sergik-the-bomb--e4649072.json
262f5516-6242-4187-8fa9-8129bcc09116,sergik-the-bomb-tech-130-bpm--262f5516,"SERGIK - The Bomb Tech 130 bpm","SERGIK",true,130,tech_house,A minor,4.8,0.79,226,"Reggae","Feelin Sendy","Feelin Sendy",tracks/sergik-the-bomb-tech-130-bpm--262f5516.json
c24cdeca-01b5-459f-be5b-582bea01ae13,sergik-the-mccoy--c24cdeca,"SERGIK - The McCoy","SERGIK",true,86.13,downtempo,G# major,4.6,0.54,181,"Reggae","Inspire","Inspire",tracks/sergik-the-mccoy--c24cdeca.json
54f02534-b098-4683-a38f-7f3e24bc3f44,sergik-the-mccoy--54f02534,"SERGIK - The McCoy","SERGIK",false,86.13,downtempo,G# major,,0,181,"Reggae","","",tracks/sergik-the-mccoy--54f02534.json
54289755-d144-49b9-b1bc-8c5328b52823,sergik-the-mccoy--54289755,"SERGIK - The McCoy","SERGIK",false,86.13,downtempo,G# major,,0,181,"Reggae","","",tracks/sergik-the-mccoy--54289755.json
bb65b67b-cd56-4199-bea9-2b8c4a4ff2fe,sergik-the-mccoy--bb65b67b,"SERGIK - The McCoy","SERGIK",false,86.13,downtempo,G# major,4.6,0.54,181,"Reggae","","",tracks/sergik-the-mccoy--bb65b67b.json
ab37545f-a0eb-46b0-b6bb-25572905bb7a,sergik-the-mccoy--ab37545f,"SERGIK - The McCoy","SERGIK",false,86.13,downtempo,G# major,4.6,0.54,181,"Reggae","","",tracks/sergik-the-mccoy--ab37545f.json
a790da76-77cd-4877-be68-2d70bf23cd50,sergik-the-mccoy--a790da76,"SERGIK - The McCoy","SERGIK",false,86.13,downtempo,G# major,4.6,0.54,181,"Reggae","","",tracks/sergik-the-mccoy--a790da76.json
1d7d4717-5440-4682-ae40-2b3d5206d3ab,sergik-the-world-dont-stop-the-day-sax--1d7d4717,"SERGIK - The World Dont Stop The Day (Sax)","SERGIK",true,123.05,house,G major,3,0.72,265,"Reggae","The World Dont Stop","The World Dont Stop",tracks/sergik-the-world-dont-stop-the-day-sax--1d7d4717.json
42cb565e-9b39-4931-85b2-d14d9fa89f15,sergik-the-world-dont-stop-the-night-gmaj-127bpm--42cb565e,"SERGIK - The World Dont Stop The Night Gmaj 127bpm","SERGIK",true,127,house,G# minor,3.5,0.74,259,"Funky House","The World Dont Stop","The World Dont Stop",tracks/sergik-the-world-dont-stop-the-night-gmaj-127bpm--42cb565e.json
27559c46-043b-4882-8d48-83db677ef9be,sergik-the-worst--27559c46,"SERGIK - The Worst","SERGIK",true,129.2,tech_house,A# major,2.9,0.72,274,"Reggae","FTP","FTP",tracks/sergik-the-worst--27559c46.json
8207e3e9-3033-4e0d-98bf-1c74ee0616b0,sergik-they-know--8207e3e9,"SERGIK - They Know","SERGIK",true,123.05,house,A minor,3.8,0.75,263,"Hip-Hop","In The Streets","In The Streets",tracks/sergik-they-know--8207e3e9.json
fdaf87b7-d249-4049-af74-2ce60212b15e,sergik-they-know--fdaf87b7,"SERGIK - They Know","SERGIK",false,123.05,house,A minor,3.8,0.75,263,"Hip-Hop","","",tracks/sergik-they-know--fdaf87b7.json
dbff1458-2fdf-410e-a13e-994aec93507d,sergik-they-know--dbff1458,"SERGIK - They Know","SERGIK",false,123.05,house,A minor,3.8,0.75,263,"Hip-Hop","","",tracks/sergik-they-know--dbff1458.json
d2ec3bcf-de3d-4312-b060-4303cbc6dd59,sergik-to-dat-bass-2--d2ec3bcf,"SERGIK - To Dat Bass 2","SERGIK",true,123.05,house,C minor,1.5,0.62,261,"Experimental Bass","Funktioneers","Funktioneers",tracks/sergik-to-dat-bass-2--d2ec3bcf.json
f73e7151-0ffc-4908-980a-184d0eab0870,sergik-tuck-n-roll--f73e7151,"SERGIK - Tuck n Roll","SERGIK",true,129.2,tech_house,A minor,4.8,0.79,246,"Reggae","Party Time","Party Time",tracks/sergik-tuck-n-roll--f73e7151.json
d5d11986-772f-4c01-ae16-afe231314053,sergik-uninvited-v2--d5d11986,"SERGIK - Uninvited v2","SERGIK",true,123.05,house,B major,4.3,0.77,281,"Funky House","Party Time","Party Time",tracks/sergik-uninvited-v2--d5d11986.json
1a532109-ddba-44e7-a46a-94b0b22ba72c,sergik-upside-down--1a532109,"SERGIK - Upside Down","SERGIK",true,123.05,house,Unknown,4.6,0.78,186,"Funky House","Funktioneers","Funktioneers",tracks/sergik-upside-down--1a532109.json
c03dad18-6405-454e-9555-549610d06290,sergik-utopia--c03dad18,"SERGIK - Utopia","SERGIK",true,136,cross_zone,E major,2.6,0.7,204,"Experimental Bass","UTOPIA","UTOPIA",tracks/sergik-utopia--c03dad18.json
79fe60ad-95ec-426a-a5d3-b229aab260f5,sergik-utopia--79fe60ad,"SERGIK - Utopia","SERGIK",false,136,cross_zone,E major,2.6,0.7,204,"Experimental Bass","","",tracks/sergik-utopia--79fe60ad.json
e5742fb1-91a0-4660-83a0-e6c844f079d6,sergik-wandering--e5742fb1,"SERGIK - Wandering","SERGIK",true,117.45,funk_fusion,G# minor,2,0.65,282,"Disco","Reggae","Reggae",tracks/sergik-wandering--e5742fb1.json
6afda7ea-eeb3-4b5c-8c90-fedd714d3fed,sergik-way-back--6afda7ea,"SERGIK - Way Back","SERGIK",true,123.05,house,C major,4.2,0.77,280,"Funky House","Deep n Funky","Deep n Funky",tracks/sergik-way-back--6afda7ea.json
bf9fb3ed-42b3-4f33-9db8-cc121a078299,sergik-we-do-this--bf9fb3ed,"SERGIK - We Do This","SERGIK",true,129.2,tech_house,C# major,2.7,0.71,270,"Experimental Bass","Vice & Virtues","Vice & Virtues",tracks/sergik-we-do-this--bf9fb3ed.json
a1d9ffdb-dd2c-422f-b0f7-f68a5b865ef4,sergik-what-is-what-xtendo--a1d9ffdb,"SERGIK - What Is What Xtendo","SERGIK",true,136,cross_zone,D minor,,0,304,"Tech House","Daze","Daze",tracks/sergik-what-is-what-xtendo--a1d9ffdb.json
ab361d24-2082-4223-b9d8-2de58f5b0e05,sergik-what-is-what-xtendo--ab361d24,"SERGIK - What Is What Xtendo","SERGIK",false,136,cross_zone,D minor,,0,304,"Tech House","","",tracks/sergik-what-is-what-xtendo--ab361d24.json
f655d2c9-cbeb-4849-8e35-7346abacd4f4,sergik-what-is-what-xtendo--f655d2c9,"SERGIK - What Is What Xtendo","SERGIK",false,136,cross_zone,D minor,2.1,0.68,304,"Tech House","","",tracks/sergik-what-is-what-xtendo--f655d2c9.json
a5a2eef2-2481-4a3f-a82c-ebc0580534e1,sergik-what-is-what-xtendo--a5a2eef2,"SERGIK - What Is What Xtendo","SERGIK",false,136,cross_zone,D minor,2.1,0.68,304,"Tech House","","",tracks/sergik-what-is-what-xtendo--a5a2eef2.json
2c4f5176-ee46-498a-82f5-605cb9e2c5f8,sergik-what-is-what-xtendo--2c4f5176,"SERGIK - What Is What Xtendo","SERGIK",false,136,cross_zone,D minor,2.1,0.68,304,"Tech House","","",tracks/sergik-what-is-what-xtendo--2c4f5176.json
41721a5e-d7d1-46ca-a467-520d5a29fb20,sergik-what-they-say--41721a5e,"SERGIK - What They Say","SERGIK",true,123.05,house,B minor,3.7,0.75,307,"Experimental Bass","Vice & Virtues","Vice & Virtues",tracks/sergik-what-they-say--41721a5e.json
a11c3f86-90b9-4adc-869c-2992b39075fb,sergik-what-u-gotta-do--a11c3f86,"SERGIK - What u gotta do","SERGIK",true,123.05,house,A minor,4.2,0.77,259,"Funky House","Funktioneers","Funktioneers",tracks/sergik-what-u-gotta-do--a11c3f86.json
0718627b-dfe6-41df-8a79-b027cd5aa945,sergik-whats-the-reason--0718627b,"SERGIK - Whats the Reason","SERGIK",true,123.05,house,D# major,3,0.72,267,"Experimental Bass","Are We Awake","Are We Awake",tracks/sergik-whats-the-reason--0718627b.json
7c40d080-1887-4406-925e-ef5b293d8a82,sergik-whats-the-reason--7c40d080,"SERGIK - Whats the Reason","SERGIK",false,123.05,house,D# major,3,0.72,267,"Experimental Bass","","",tracks/sergik-whats-the-reason--7c40d080.json
94a6d647-8740-4d70-bac9-2525db178c4f,sergik-whats-the-reason--94a6d647,"SERGIK - Whats the Reason","SERGIK",false,123.05,house,D# major,,0,267,"Experimental Bass","","",tracks/sergik-whats-the-reason--94a6d647.json
db5d4c97-a74e-45b7-898a-0fca2c071287,sergik-whats-the-reason--db5d4c97,"SERGIK - Whats the Reason","SERGIK",false,123.05,house,D# major,,0,267,"Experimental Bass","","",tracks/sergik-whats-the-reason--db5d4c97.json
f72d7d55-1361-422c-bdfd-effc9a948298,sergik-whats-the-reason--f72d7d55,"SERGIK - Whats the Reason","SERGIK",false,123.05,house,D# major,3,0.72,267,"Experimental Bass","","",tracks/sergik-whats-the-reason--f72d7d55.json
6a480242-3b08-495e-9b7c-d2fee9f17df8,sergik-whats-the-reason--6a480242,"SERGIK - Whats the Reason","SERGIK",false,123.05,house,D# major,3,0.72,267,"Experimental Bass","","",tracks/sergik-whats-the-reason--6a480242.json
3885715e-272b-48ee-ad0b-03ff5e761bc1,sergik-whats-the-reason--3885715e,"SERGIK - Whats the Reason","SERGIK",false,123.05,house,D# major,3,0.72,267,"Experimental Bass","","",tracks/sergik-whats-the-reason--3885715e.json
d39b7de1-516a-41b1-b253-b91d90351854,sergik-whats-the-reason--d39b7de1,"SERGIK - Whats the Reason","SERGIK",false,123.05,house,D# major,3,0.72,267,"Experimental Bass","","",tracks/sergik-whats-the-reason--d39b7de1.json
1fcf958d-ad4c-4b92-bdcd-eac208ec1e2d,sergik-whats-the-reason-bass-vip-2--1fcf958d,"SERGIK - Whats the Reason (Bass VIP 2)","SERGIK",true,136,cross_zone,A minor,3.4,0.74,235,"Experimental Bass","Experimental : Free Form Bass","Experimental : Free Form Bass",tracks/sergik-whats-the-reason-bass-vip-2--1fcf958d.json
392f51f0-1a74-4448-adf8-5be7c689db8a,sergik-whats-the-reason-bass-vip--392f51f0,"SERGIK - Whats the Reason (Bass VIP)","SERGIK",true,136,cross_zone,D# major,1,0.64,249,"Reggae","Experimental : Free Form Bass","Experimental : Free Form Bass",tracks/sergik-whats-the-reason-bass-vip--392f51f0.json
4fff5980-18b2-4a21-9846-2a5379183830,sergik-wonked--4fff5980,"SERGIK - Wonked","SERGIK",true,139.67,cross_zone,A minor,2.9,0.72,137,"Reggae","Experimental : Free Form Bass","Experimental : Free Form Bass",tracks/sergik-wonked--4fff5980.json
749f59be-5ad3-4fbc-bffa-8aaf487da757,sergik-wonked-135-bpm-drum-rework--749f59be,"SERGIK - Wonked (135 BPM Drum Rework)","SERGIK",true,135,tech_house,A minor,1,0.64,142,"Tech House","Experimental : Free Form Bass","Experimental : Free Form Bass",tracks/sergik-wonked-135-bpm-drum-rework--749f59be.json
991bdbd0-0806-4a13-b1b1-a557bd3388a9,sergik-wut-we-bring--991bdbd0,"SERGIK - Wut We Bring","SERGIK",true,123.05,house,F minor,4.1,0.76,221,"Reggae","Party Time","Party Time",tracks/sergik-wut-we-bring--991bdbd0.json
8aa3144e-5b23-4990-b4f7-08c20f9c28d6,sergik-yee-bwoyyy--8aa3144e,"SERGIK - Yee Bwoyyy","SERGIK",true,123.05,house,G major,3.8,0.75,278,"Funky House","Funktioneers","Funktioneers",tracks/sergik-yee-bwoyyy--8aa3144e.json
7bae44f1-e152-4ded-af80-072dfaf68b51,sergik-crowd-control-amerika-srgflip-1--7bae44f1,"SERGIK -Crowd Control (Amerika SRGFLiP) 1","SERGIK",true,129.2,tech_house,A minor,1.2,0.65,195,"Experimental Bass","Experimental : Free Form Bass","Experimental : Free Form Bass",tracks/sergik-crowd-control-amerika-srgflip-1--7bae44f1.json
41d37df7-6fc6-461a-b7d9-65d7dd2d4ae6,sergik-ft-janis-the-planets-suade--41d37df7,"SERGIK Ft. Janis & The Planets - Suade","SERGIK",true,92.29,funk_fusion,D minor,3.6,0.5,212,"Hip-Hop","Deep n Funky","Deep n Funky",tracks/sergik-ft-janis-the-planets-suade--41d37df7.json
8554fe3e-53bd-4efc-88d4-93bbe5d5e965,sergik-rework-say-yeah-v4--8554fe3e,"SERGIK Rework - Say Yeah v4","SERGIK",true,129.2,tech_house,A minor,3.2,0.73,285,"Reggae","Funktioneers","Funktioneers",tracks/sergik-rework-say-yeah-v4--8554fe3e.json
d46c0f7f-0b61-450b-a5fc-d190b8a3513c,sergik-x-aloe-flipz-shafeus--d46c0f7f,"SERGIK x Aloe Flipz - Shafeus","SERGIK",true,136,cross_zone,G# major,1,0.64,262,"Reggae","Experimental : Free Form Bass","Experimental : Free Form Bass",tracks/sergik-x-aloe-flipz-shafeus--d46c0f7f.json
4937466a-bb65-4e33-8454-16a3eb57c22e,sergik-x-andino-alboroto--4937466a,"SERGIK x Andino - Alboroto","SERGIK",true,83.35,downtempo,Unknown,4,0.76,293,"Slow House","Funktioneers","Funktioneers",tracks/sergik-x-andino-alboroto--4937466a.json
d9ab011e-ea7e-4d09-954b-be6d6dc807f1,sergik-x-auxlee-quirk--d9ab011e,"SERGIK x Auxlee - Quirk","SERGIK",true,136,cross_zone,A major,2.5,0.7,260,"Reggae","Reggae","Reggae",tracks/sergik-x-auxlee-quirk--d9ab011e.json
94abf7a9-688f-4a31-a53d-bd346bf50c2f,sergik-x-auxlee-the-conex--94abf7a9,"SERGIK x AUXLEE - The Conex","SERGIK",true,107.67,funk_fusion,F minor,3.8,0.58,329,"Slow House","Daze","Daze",tracks/sergik-x-auxlee-the-conex--94abf7a9.json
9f0c579d-3376-4cfc-b389-99e3524baafc,sergik-x-auxlee-weepin-willows--9f0c579d,"SERGIK x Auxlee - Weepin Willows","SERGIK",true,136,cross_zone,A major,,0,258,"Experimental Bass","Reggae","Reggae",tracks/sergik-x-auxlee-weepin-willows--9f0c579d.json
8dadd991-50b5-4ca0-823b-c0a39cbb6321,sergik-x-auxlee-weepin-willows--8dadd991,"SERGIK x Auxlee - Weepin Willows","SERGIK",false,136,cross_zone,A major,,0,258,"Experimental Bass","","",tracks/sergik-x-auxlee-weepin-willows--8dadd991.json
8efd7e9f-cc1d-4cf6-8c87-136206aef4e3,sergik-x-auxlee-weepin-willows--8efd7e9f,"SERGIK x Auxlee - Weepin Willows","SERGIK",false,136,cross_zone,A major,3.1,0.72,258,"Experimental Bass","","",tracks/sergik-x-auxlee-weepin-willows--8efd7e9f.json
33a3177e-13da-482c-8ab5-750163663037,sergik-x-auxlee-weepin-willows--33a3177e,"SERGIK x Auxlee - Weepin Willows","SERGIK",false,136,cross_zone,A major,3.1,0.72,258,"Experimental Bass","","",tracks/sergik-x-auxlee-weepin-willows--33a3177e.json
80f93a56-b070-4997-a7ed-192ac0a22308,sergik-x-auxlee-weepin-willows--80f93a56,"SERGIK x Auxlee - Weepin Willows","SERGIK",false,136,cross_zone,A major,3.1,0.72,258,"Experimental Bass","","",tracks/sergik-x-auxlee-weepin-willows--80f93a56.json
7db8bfea-184c-4270-8ccf-c63a6c259a09,sergik-x-batterylo-thiiisss--7db8bfea,"SERGIK x BatteryLo - Thiiisss","SERGIK",true,143.55,cross_zone,A minor,3.5,0.74,195,"Trap","Experimental : Free Form Bass","Experimental : Free Form Bass",tracks/sergik-x-batterylo-thiiisss--7db8bfea.json
1c259f5f-4316-49df-b999-4e0f222fe414,sergik-x-battlo-land-of-the-free-gmaj-123bpm--1c259f5f,"SERGIK X BATTLO - Land Of The Free Gmaj 123bpm","SERGIK",true,123,house,F minor,4.5,0.78,316,"Funky House","The World Dont Stop","The World Dont Stop",tracks/sergik-x-battlo-land-of-the-free-gmaj-123bpm--1c259f5f.json
2b5e2abe-6624-4e77-bcac-0e2bfb931abb,sergik-x-bejanis-hydrate-v2--2b5e2abe,"SERGIK x BeJanis - Hydrate v2","SERGIK",true,123.05,house,Unknown,3.2,0.73,265,"Funky House","Staying A Vibe","Staying A Vibe",tracks/sergik-x-bejanis-hydrate-v2--2b5e2abe.json
7ac83aba-c9b8-466c-be7f-0bf4b56c7c9d,sergik-x-bones-momentum--7ac83aba,"SERGIK x Bones - Momentum","SERGIK",true,112.35,funk_fusion,F# major,2,0.45,197,"Disco","Daze|The Chan Suk Legend","Daze|The Chan Suk Legend",tracks/sergik-x-bones-momentum--7ac83aba.json
d630d33a-a430-47dd-a9ae-caeffae30cd1,sergik-x-breauxx-come-correct--d630d33a,"SERGIK x Breauxx - Come Correct","SERGIK",true,123.05,house,G# minor,5,0.8,259,"Funky House","Funktioneers","Funktioneers",tracks/sergik-x-breauxx-come-correct--d630d33a.json
8ba10a8b-6e62-4513-b954-ae63d8ed8cb5,sergik-x-breauxx-move-me-dance-with-me2--8ba10a8b,"SERGIK x Breauxx - Move Me _ Dance With Me2","SERGIK",true,83.35,downtempo,A minor,4.6,0.78,291,"Hip-Hop","Funktioneers","Funktioneers",tracks/sergik-x-breauxx-move-me-dance-with-me2--8ba10a8b.json
25a91081-7592-4a90-a954-154f19076343,sergik-x-breauxx-walk-dat-walk--25a91081,"SERGIK x Breauxx - Walk Dat Walk","SERGIK",true,123.05,house,C minor,4.7,0.79,184,"Reggae","Funktioneers","Funktioneers",tracks/sergik-x-breauxx-walk-dat-walk--25a91081.json
cb109dde-1e0b-4a7e-a5b6-608ebd666fd5,sergik-x-breauxx-walk-dat-walk2--cb109dde,"SERGIK x Breauxx - Walk Dat Walk2","SERGIK",true,123.05,house,C minor,3.5,0.74,217,"Funky House","Funktioneers","Funktioneers",tracks/sergik-x-breauxx-walk-dat-walk2--cb109dde.json
dd650db3-ca13-408c-8670-0c798c27afac,sergik-x-breauxx-you-can-t--dd650db3,"SERGIK x Breauxx - You Can't","SERGIK",true,123.05,house,A minor,5,0.8,235,"Funky House","Funktioneers","Funktioneers",tracks/sergik-x-breauxx-you-can-t--dd650db3.json
02511e6e-a2bc-4c61-868d-f5c57db19ad8,sergik-x-breauxx-you-can-t-1--02511e6e,"SERGIK x Breauxx - You Can't 1","SERGIK",true,123.05,house,A minor,4.8,0.79,235,"Funky House","Party Time","Party Time",tracks/sergik-x-breauxx-you-can-t-1--02511e6e.json
7bb28eef-c5f4-4760-ba36-329c7fd6693c,sergik-x-breauxx-x-www-uninvited-v2--7bb28eef,"SERGIK x Breauxx x WWW - Uninvited v2","SERGIK",true,123.05,house,A minor,4,0.76,283,"Funky House","Party Time","Party Time",tracks/sergik-x-breauxx-x-www-uninvited-v2--7bb28eef.json
7771f9b5-ded1-40aa-bdc8-7016bc49b29a,sergik-x-breauxx-x-www-uninvited-v2--7771f9b5,"SERGIK x Breauxx x WWW - Uninvited v2","SERGIK",false,123.05,house,A minor,4,0.76,283,"Funky House","","",tracks/sergik-x-breauxx-x-www-uninvited-v2--7771f9b5.json
9d9e8d98-32d3-48c3-8808-1a92235e61b4,sergik-x-breauxxx-all-around--9d9e8d98,"SERGIK x Breauxxx - All Around","SERGIK",true,129.2,tech_house,Unknown,3.8,0.75,289,"Hip-Hop","Funktioneers","Funktioneers",tracks/sergik-x-breauxxx-all-around--9d9e8d98.json
e285c4e8-f8eb-4c19-b769-e4d6489876d7,sergik-x-breauxxx-pumpin--e285c4e8,"SERGIK x Breauxxx - Pumpin","SERGIK",true,129.2,tech_house,A minor,4.3,0.77,244,"Reggae","Feelin Sendy","Feelin Sendy",tracks/sergik-x-breauxxx-pumpin--e285c4e8.json
6b14b885-0263-44fe-8592-2ff285807135,sergik-x-breauxxx-the-bag-discotech-srgflip--6b14b885,"SERGIK x Breauxxx - The Bag  (DiscoTech SRGFLIP)","SERGIK",true,129.2,tech_house,A minor,3.8,0.75,272,"Experimental Bass","Funktioneers","Funktioneers",tracks/sergik-x-breauxxx-the-bag-discotech-srgflip--6b14b885.json
d5ce8ce8-617b-4673-bc30-873fff86dab1,sergik-x-breauxxx-the-bag-135bpm-techyea-srgflip--d5ce8ce8,"SERGIK x Breauxxx - The Bag 135bpm (Techyea SRGFLIP)","SERGIK",true,129.2,tech_house,A minor,1.9,0.68,267,"Experimental Bass","Feelin Sendy","Feelin Sendy",tracks/sergik-x-breauxxx-the-bag-135bpm-techyea-srgflip--d5ce8ce8.json
ddb2495c-ba83-420a-a6e3-0707e51877ce,sergik-x-breauxxxx-x-janis-the-bag-og-mix--ddb2495c,"SERGIK x Breauxxxx x Janis - The Bag (OG MiX)","SERGIK",true,129.2,tech_house,A minor,3.8,0.75,270,"Reggae","Funktioneers","Funktioneers",tracks/sergik-x-breauxxxx-x-janis-the-bag-og-mix--ddb2495c.json
3c1c3b3b-9071-4714-b2c4-7c2d44d34de0,sergik-x-crosstick-katana-ghost--3c1c3b3b,"SERGIK x Crosstick - Katana Ghost","SERGIK",true,92.29,funk_fusion,E minor,4.2,0.77,238,"Reggae","Experimental : Free Form Bass","Experimental : Free Form Bass",tracks/sergik-x-crosstick-katana-ghost--3c1c3b3b.json
845fd944-5574-45d6-9b0e-27d4cd8a5803,sergik-x-deep-chetty-so-good-v3--845fd944,"SERGIK x Deep Chetty - So Good v3","SERGIK",true,83.35,downtempo,F major,3.4,0.74,263,"Reggae","Deep n Funky","Deep n Funky",tracks/sergik-x-deep-chetty-so-good-v3--845fd944.json
674b5553-ddb9-48c2-9817-8b571842db0e,sergik-x-deep-chetty-so-good-v3--674b5553,"SERGIK x Deep Chetty - So Good v3","SERGIK",false,83.35,downtempo,G# minor,3.4,0.74,263,"Reggae","","",tracks/sergik-x-deep-chetty-so-good-v3--674b5553.json
177badae-53b6-4c91-ad3b-7f145d92610d,sergik-x-dillon-nathaniel-moon-glazin--177badae,"SERGIK x Dillon Nathaniel - Moon Glazin","SERGIK",true,129.2,tech_house,Unknown,5.1,0.78,229,"Reggae","Funktioneers","Funktioneers",tracks/sergik-x-dillon-nathaniel-moon-glazin--177badae.json
55606d01-6e07-4126-b801-c03c1182668a,sergik-x-dilon-karim-ft-bejanis-let-it-tak--55606d01,"SERGIK x Dilon Karim Ft. BeJanis- Let it Tak","SERGIK",true,123.05,house,A minor,3.4,0.74,264,"Funky House","Deep n Funky","Deep n Funky",tracks/sergik-x-dilon-karim-ft-bejanis-let-it-tak--55606d01.json
8318f5bd-bc05-4b5e-82c8-5e93f078c540,sergik-x-dilon-karim-ft-bejanis-let-it-take-ya-instrumental-1--8318f5bd,"SERGIK x Dilon Karim Ft. BeJanis- Let it Take Ya (Instrumental) 1","SERGIK",true,123.05,house,A minor,1.6,0.66,271,"Funky House","Funktioneers","Funktioneers",tracks/sergik-x-dilon-karim-ft-bejanis-let-it-take-ya-instrumental-1--8318f5bd.json
36af2631-bbda-4762-b577-d33529e366ad,sergik-x-dilon-karim-ft-bejanis-let-it-take-ya-1--36af2631,"SERGIK x Dilon Karim Ft. BeJanis- Let it Take Ya 1","SERGIK",true,123.05,house,A minor,3.5,0.74,263,"Funky House","Funktioneers","Funktioneers",tracks/sergik-x-dilon-karim-ft-bejanis-let-it-take-ya-1--36af2631.json
aaf39cb0-48a9-451c-b7b1-daac74637cd0,sergik-x-fm-dog-n-me--aaf39cb0,"SERGIK x FM - Dog n Me","SERGIK",true,123.05,house,G major,5,0.8,250,"Experimental Bass","Funktioneers","Funktioneers",tracks/sergik-x-fm-dog-n-me--aaf39cb0.json
a398c388-f9eb-4c46-971e-7f2c5e18a00a,sergik-x-frank-terry-cozy-cats--a398c388,"SERGIK x Frank Terry - Cozy Cats","SERGIK",true,123.05,house,G# major,4.1,0.76,283,"Reggae","Deep n Funky","Deep n Funky",tracks/sergik-x-frank-terry-cozy-cats--a398c388.json
6a3a92cf-2323-4fe3-9632-31ec792fbcb6,sergik-x-frank-terry-repeat--6a3a92cf,"SERGIK x Frank Terry - Repeat","SERGIK",true,123.05,house,A# major,3.6,0.74,307,"Experimental Bass","Deep n Funky","Deep n Funky",tracks/sergik-x-frank-terry-repeat--6a3a92cf.json
f0b2f56e-6baf-40d2-9247-9f3dcde910bd,sergik-x-isaiah-wont-stop-2--f0b2f56e,"SERGIK x Isaiah - Wont Stop 2","SERGIK",true,136,cross_zone,A minor,2.2,0.69,240,"Tech House","Experimental : Free Form Bass","Experimental : Free Form Bass",tracks/sergik-x-isaiah-wont-stop-2--f0b2f56e.json
7a549a00-c98e-44de-bf1f-24eb355fc134,sergik-x-javi-smoke-break-at-da-crib-vip-2--7a549a00,"SERGIK x Javi - Smoke Break at Da Crib VIP.2","SERGIK",true,129.2,tech_house,D# major,4.6,0.78,192,"Hip-Hop","Hip Hop","Hip Hop",tracks/sergik-x-javi-smoke-break-at-da-crib-vip-2--7a549a00.json
3c3813cd-4050-49f4-b220-8d1b0c27846d,sergik-x-jetski-alienated--3c3813cd,"SERGIK x Jetski - Alienated","SERGIK",true,123.05,house,A minor,4.9,0.8,248,"Funky House","Deep n Funky","Deep n Funky",tracks/sergik-x-jetski-alienated--3c3813cd.json
12fb6c93-2e0e-417d-bbc2-bb66bc2d090c,sergik-x-jetski-alienated--12fb6c93,"SERGIK x Jetski - Alienated","SERGIK",false,123.05,house,A minor,4.9,0.8,248,"Funky House","","",tracks/sergik-x-jetski-alienated--12fb6c93.json
5c733286-6975-427d-a309-bc52158be323,sergik-x-jetski-code-name-sergski--5c733286,"SERGIK x Jetski - Code Name SERGSKI","SERGIK",true,123.05,house,F major,4.3,0.77,248,"Experimental Bass","Funktioneers","Funktioneers",tracks/sergik-x-jetski-code-name-sergski--5c733286.json
255396f4-a797-49d8-8769-1ab1eee14c55,sergik-x-jimii-do-it-yourself-v2--255396f4,"SERGIK x JIMII - Do it Yourself v2","SERGIK",true,129.2,tech_house,A minor,3.6,0.74,244,"Experimental Bass","Funktioneers","Funktioneers",tracks/sergik-x-jimii-do-it-yourself-v2--255396f4.json
0e2b684b-0e35-4bd7-b645-18b4faa570e2,sergik-x-l9v-darkpark--0e2b684b,"SERGIK x L9V - DarkPark","SERGIK",true,123.05,house,E minor,5.1,0.78,276,"Reggae","Feelin Sendy","Feelin Sendy",tracks/sergik-x-l9v-darkpark--0e2b684b.json
7745e91e-5a2f-433e-b6bc-e62479e05429,sergik-x-ladell-ransom-desiderata--7745e91e,"SERGIK x Ladell Ransom - Desiderata","SERGIK",true,123.05,house,G minor,4.2,0.77,152,"Hip-Hop","Deep n Funky","Deep n Funky",tracks/sergik-x-ladell-ransom-desiderata--7745e91e.json
65b7879c-08a8-463e-b96c-4fcfe6b80066,sergik-x-lugh-haurie-zoned-120bpm-dmaj--65b7879c,"SERGIK x Lugh Haurie - Zoned 120BPM DMaj","SERGIK",true,120,house,A minor,2.8,0.71,232,"Funky House","FTP","FTP",tracks/sergik-x-lugh-haurie-zoned-120bpm-dmaj--65b7879c.json
05d84113-2e90-4781-a35a-d4ae397266cb,sergik-x-melfice-buggn--05d84113,"SERGIK x Melfice - Buggn","SERGIK",true,123.05,house,D minor,4.6,0.74,219,"Funky House","Funktioneers","Funktioneers",tracks/sergik-x-melfice-buggn--05d84113.json
b5e4c537-66ae-459b-a9a3-cb2d031cf3e3,sergik-x-nood-if-you-want-to-v2--b5e4c537,"SERGIK x NOOD - If You Want To v2","SERGIK",true,129.2,tech_house,F minor,3.5,0.74,274,"Tech House","Deep n Funky","Deep n Funky",tracks/sergik-x-nood-if-you-want-to-v2--b5e4c537.json
3c7269fa-c57a-48e6-862a-5b72b3565b10,sergik-x-nood-im-grown-dub-edit--3c7269fa,"SERGIK x Nood - Im Grown (Dub Edit)","SERGIK",true,143.55,cross_zone,D minor,,0,248,"Experimental Bass","Reggae","Reggae",tracks/sergik-x-nood-im-grown-dub-edit--3c7269fa.json
f7a661c4-cb3a-4d7e-8c17-8187a8916784,sergik-x-nood-im-grown-dub-edit--f7a661c4,"SERGIK x Nood - Im Grown (Dub Edit)","SERGIK",false,143.55,cross_zone,D minor,,0,248,"Experimental Bass","","",tracks/sergik-x-nood-im-grown-dub-edit--f7a661c4.json
faa4cdcb-9ef0-4bad-9a71-8066872670e0,sergik-x-nood-im-grown-dub-edit--faa4cdcb,"SERGIK x Nood - Im Grown (Dub Edit)","SERGIK",false,143.55,cross_zone,D minor,2.6,0.69,248,"Experimental Bass","","",tracks/sergik-x-nood-im-grown-dub-edit--faa4cdcb.json
7a448c7a-1754-4754-9f8d-4b68bef86187,sergik-x-nood-im-grown-dub-edit--7a448c7a,"SERGIK x Nood - Im Grown (Dub Edit)","SERGIK",false,143.55,cross_zone,D minor,2.6,0.69,248,"Experimental Bass","","",tracks/sergik-x-nood-im-grown-dub-edit--7a448c7a.json
2939e0d5-64f6-4597-b756-2e96fc0144a4,sergik-x-nood-im-grown-dub-edit--2939e0d5,"SERGIK x Nood - Im Grown (Dub Edit)","SERGIK",false,143.55,cross_zone,D minor,2.6,0.69,248,"Experimental Bass","","",tracks/sergik-x-nood-im-grown-dub-edit--2939e0d5.json
bc0f8e0a-fc86-4e74-a5d1-de9bbc199596,sergik-x-nood-im-grown-instrumental--bc0f8e0a,"SERGIK x Nood - Im Grown (Instrumental)","SERGIK",true,143.55,cross_zone,D minor,,0,248,"Trap","Reggae","Reggae",tracks/sergik-x-nood-im-grown-instrumental--bc0f8e0a.json
cdd3c696-1233-44e1-ae44-44d67b4e942e,sergik-x-nood-im-grown-instrumental--cdd3c696,"SERGIK x Nood - Im Grown (Instrumental)","SERGIK",false,143.55,cross_zone,D minor,,0,248,"Trap","","",tracks/sergik-x-nood-im-grown-instrumental--cdd3c696.json
d4ecbc3f-a08c-47f2-b85a-657d5b625923,sergik-x-nood-im-grown-instrumental--d4ecbc3f,"SERGIK x Nood - Im Grown (Instrumental)","SERGIK",false,143.55,cross_zone,D minor,2.5,0.68,248,"Trap","","",tracks/sergik-x-nood-im-grown-instrumental--d4ecbc3f.json
7bd59eaa-5d16-4714-9c8d-53128ef0c15b,sergik-x-nood-im-grown-instrumental--7bd59eaa,"SERGIK x Nood - Im Grown (Instrumental)","SERGIK",false,143.55,cross_zone,D minor,2.5,0.68,248,"Trap","","",tracks/sergik-x-nood-im-grown-instrumental--7bd59eaa.json
f028f060-e9fd-4ea4-8fa6-2bd7f74d1925,sergik-x-nood-im-grown-instrumental--f028f060,"SERGIK x Nood - Im Grown (Instrumental)","SERGIK",false,143.55,cross_zone,D minor,2.5,0.68,248,"Trap","","",tracks/sergik-x-nood-im-grown-instrumental--f028f060.json
246af0e9-f0ba-491a-89c3-ca22bab6de46,sergik-x-offmedz-around-the-world-1--246af0e9,"SERGIK x OffMedz_ - Around the World 1","SERGIK",true,123.05,house,B minor,3.4,0.74,202,"Experimental Bass","Party Time","Party Time",tracks/sergik-x-offmedz-around-the-world-1--246af0e9.json
10b23a72-1880-4f87-8cf6-ec6609cbf047,sergik-x-og-coconut-big-macs-n-jumbo-jacks--10b23a72,"SERGIK x OG Coconut - Big Macs n Jumbo Jacks","SERGIK",true,136,cross_zone,E major,2,0.68,228,"Reggae","Experimental : Free Form Bass","Experimental : Free Form Bass",tracks/sergik-x-og-coconut-big-macs-n-jumbo-jacks--10b23a72.json
28c2d8dd-a350-42e2-9d96-e1497f64b4e7,sergik-x-og-coconut-what-you-want--28c2d8dd,"SERGIK x OG Coconut - What you want","SERGIK",true,123.05,house,G minor,4.5,0.78,330,"Funky House","Are We Awake","Are We Awake",tracks/sergik-x-og-coconut-what-you-want--28c2d8dd.json
733ddb14-460a-4e7b-888f-b04a3859b8a1,sergik-x-og-coconut-what-you-want--733ddb14,"SERGIK x OG Coconut - What you want","SERGIK",false,123.05,house,G minor,4.5,0.78,330,"Funky House","","",tracks/sergik-x-og-coconut-what-you-want--733ddb14.json
8b6f6d23-40a6-44e6-b07b-eccf7d85b84a,sergik-x-og-coconut-what-you-want--8b6f6d23,"SERGIK x OG Coconut - What you want","SERGIK",false,123.05,house,G minor,4.5,0.78,330,"Funky House","","",tracks/sergik-x-og-coconut-what-you-want--8b6f6d23.json
442a3ecc-73ba-4ec5-a210-3fb5c9183116,sergik-x-og-coconut-what-you-want--442a3ecc,"SERGIK x OG Coconut - What you want","SERGIK",false,123.05,house,G minor,4.5,0.78,330,"Funky House","","",tracks/sergik-x-og-coconut-what-you-want--442a3ecc.json
9801989f-7de3-4d89-bc28-0b28d4359121,sergik-x-og-coconut-x-kuhl-mavericks-v2--9801989f,"SERGIK x OG Coconut x Kuhl - Mavericks V2","SERGIK",true,136,cross_zone,D minor,3.8,0.75,192,"Reggae","Experimental : Free Form Bass","Experimental : Free Form Bass",tracks/sergik-x-og-coconut-x-kuhl-mavericks-v2--9801989f.json
7e9f6488-2895-4239-a57f-e9ed5f307666,sergik-x-og-coconuttz-drunk-n-high--7e9f6488,"SERGIK X OG Coconuttz - Drunk n High","SERGIK",true,139.67,cross_zone,A# major,3.4,0.74,218,"Experimental Bass","Experimental : Free Form Bass","Experimental : Free Form Bass",tracks/sergik-x-og-coconuttz-drunk-n-high--7e9f6488.json
a5d0b11a-79e9-4f42-8552-67d072ea8b1c,sergik-x-optikz-foe-fos--a5d0b11a,"SERGIK x Optikz - Foe Fos","SERGIK",true,143.55,cross_zone,A# minor,3.7,0.75,168,"Trap","Experimental : Free Form Bass","Experimental : Free Form Bass",tracks/sergik-x-optikz-foe-fos--a5d0b11a.json
d31725fc-d787-40f9-87e6-4785cbeeb199,sergik-x-sean-h-x-sean-w-back-at-it--d31725fc,"SERGIK x Sean H x Sean W - Back at it","SERGIK",true,129.2,tech_house,C major,4,0.76,225,"Reggae","Funktioneers","Funktioneers",tracks/sergik-x-sean-h-x-sean-w-back-at-it--d31725fc.json
3b2aaac8-ea3a-49e4-bac2-f466f6f18045,sergik-x-silent-jay-like-that--3b2aaac8,"SERGIK x Silent Jay - Like That","SERGIK",true,123.05,house,E major,4,0.76,284,"Experimental Bass","Feelin Sendy","Feelin Sendy",tracks/sergik-x-silent-jay-like-that--3b2aaac8.json
0d052b8c-4076-424e-b0b1-5664641f3cc4,sergik-x-silent-jay-like-that--0d052b8c,"SERGIK x Silent Jay - Like That","SERGIK",false,123.05,house,E major,4,0.76,284,"Experimental Bass","","",tracks/sergik-x-silent-jay-like-that--0d052b8c.json
c186682b-fad8-4305-a145-2362cf827943,sergik-x-silent-jay-like-that--c186682b,"SERGIK x Silent Jay - Like That","SERGIK",false,123.05,house,E major,4,0.76,284,"Experimental Bass","","",tracks/sergik-x-silent-jay-like-that--c186682b.json
b8c3d286-735b-41e4-bbdd-05faa50becac,sergik-x-silent-jay-make-me-free--b8c3d286,"SERGIK x Silent Jay - Make Me Free","SERGIK",true,129.2,tech_house,A minor,3.9,0.72,242,"Experimental Bass","Funktioneers","Funktioneers",tracks/sergik-x-silent-jay-make-me-free--b8c3d286.json
3a006ebe-0b59-4c80-827d-0447884133e3,sergik-x-silent-jay-move-n-groove--3a006ebe,"SERGIK x Silent Jay - Move n Groove","SERGIK",true,83.35,downtempo,F major,4.3,0.77,219,"Reggae","Funktioneers","Funktioneers",tracks/sergik-x-silent-jay-move-n-groove--3a006ebe.json
651c86f8-7d7d-4244-b002-c09fbc587cfd,sergik-x-silent-jay-numba-one--651c86f8,"SERGIK x Silent Jay - Numba One","SERGIK",true,123.05,house,A major,3.5,0.74,250,"Reggae","Deep n Funky","Deep n Funky",tracks/sergik-x-silent-jay-numba-one--651c86f8.json
307b2e72-a8cd-4d1f-a4be-edf3d2e71d73,sergik-x-silent-jay-numba-one--307b2e72,"SERGIK x Silent Jay - Numba One","SERGIK",false,123.05,house,A major,3.5,0.74,250,"Reggae","","",tracks/sergik-x-silent-jay-numba-one--307b2e72.json
d6413e69-8670-45c6-8c6d-9a6bee46bdf7,sergik-x-silent-jay-soul-on-fire--d6413e69,"SERGIK x Silent Jay - Soul On Fire","SERGIK",true,123.05,house,A minor,,0,252,"Reggae","Funktioneers","Funktioneers",tracks/sergik-x-silent-jay-soul-on-fire--d6413e69.json
cdee54bb-c403-4eda-9d18-3525462c2470,sergik-x-silent-jay-soul-on-fire--cdee54bb,"SERGIK x Silent Jay - Soul On Fire","SERGIK",false,123.05,house,A minor,,0,252,"Reggae","","",tracks/sergik-x-silent-jay-soul-on-fire--cdee54bb.json
f78e6ecc-c059-4e10-b081-7234a473144d,sergik-x-silent-jay-soul-on-fire--f78e6ecc,"SERGIK x Silent Jay - Soul On Fire","SERGIK",false,123.05,house,A minor,3.9,0.76,252,"Reggae","","",tracks/sergik-x-silent-jay-soul-on-fire--f78e6ecc.json
e9cd8d34-76dc-4cd5-a534-5bd3e46c2b09,sergik-x-silent-jay-soul-on-fire--e9cd8d34,"SERGIK x Silent Jay - Soul On Fire","SERGIK",false,123.05,house,A minor,3.9,0.76,252,"Reggae","","",tracks/sergik-x-silent-jay-soul-on-fire--e9cd8d34.json
d0eb88ec-76a8-4cb7-a485-9f06cff4b5bc,sergik-x-silent-jay-soul-on-fire--d0eb88ec,"SERGIK x Silent Jay - Soul On Fire","SERGIK",false,123.05,house,A minor,3.9,0.76,252,"Reggae","","",tracks/sergik-x-silent-jay-soul-on-fire--d0eb88ec.json
946f4e43-5f7b-40b2-8e20-f647d931369e,sergik-x-silent-jay-tear-the-roof-off--946f4e43,"Sergik x Silent Jay - tear the roof off","SERGIK",true,123.05,house,A minor,4.5,0.78,247,"Funky House","Funktioneers","Funktioneers",tracks/sergik-x-silent-jay-tear-the-roof-off--946f4e43.json
b93bc246-979c-4ee9-98f8-fa7f571edcee,sergik-x-slick-gangsta--b93bc246,"SERGIK x Slick - Gangsta","SERGIK",true,129.2,tech_house,G# minor,3.7,0.75,270,"Experimental Bass","Vice & Virtues","Vice & Virtues",tracks/sergik-x-slick-gangsta--b93bc246.json
fec3ad73-25a6-41d2-8f7f-33d4f0a0b066,sergik-x-slick-floyd-just-groove--fec3ad73,"SERGIK x Slick Floyd - Just Groove","SERGIK",true,123.05,house,G minor,5.2,0.81,219,"Hip-Hop","Funktioneers","Funktioneers",tracks/sergik-x-slick-floyd-just-groove--fec3ad73.json
81ad9531-ee0e-4e27-940d-f1253af44ce5,sergik-x-slick-floyd-lde--81ad9531,"SERGIK x Slick Floyd - LDE","SERGIK",true,123.05,house,A minor,3.9,0.76,283,"Hip-Hop","Feelin Sendy","Feelin Sendy",tracks/sergik-x-slick-floyd-lde--81ad9531.json
055c9013-ff19-4431-9ca7-30d589f0dbf4,sergik-x-slick-floyd-lde--055c9013,"SERGIK x Slick Floyd - LDE","SERGIK",false,123.05,house,A minor,3.9,0.76,283,"Hip-Hop","","",tracks/sergik-x-slick-floyd-lde--055c9013.json
33e1bb2d-8f70-4c42-8274-105116bdbbca,sergik-x-slick-floyd-listen-up--33e1bb2d,"SERGIK x Slick Floyd - Listen Up","SERGIK",true,123.05,house,C minor,3.4,0.74,244,"Reggae","Funktioneers","Funktioneers",tracks/sergik-x-slick-floyd-listen-up--33e1bb2d.json
3d91d79b-751c-4500-8614-7ca42dadba20,sergik-x-slick-floyd-pharoe--3d91d79b,"SERGIK x Slick Floyd - Pharoe","SERGIK",true,129.2,tech_house,F minor,3.9,0.76,198,"Experimental Bass","Experimental : Free Form Bass","Experimental : Free Form Bass",tracks/sergik-x-slick-floyd-pharoe--3d91d79b.json
39315414-8282-4612-ae38-fad04a60e9b7,sergik-x-srija-disco-power--39315414,"SERGIK x SRIJA - Disco Power","SERGIK",true,123.05,house,C minor,4.4,0.78,244,"Funky House","Funktioneers","Funktioneers",tracks/sergik-x-srija-disco-power--39315414.json
b9484c5a-a149-48bd-9443-bef06eb39436,sergik-x-stan-the-guitarman-interstate-1--b9484c5a,"SERGIK x Stan The Guitarman - Interstate 1","SERGIK",true,123.05,house,E minor,2.7,0.71,262,"Funky House","Party Time","Party Time",tracks/sergik-x-stan-the-guitarman-interstate-1--b9484c5a.json
7b988de5-49da-476e-9c57-c9487c264d48,sergik-x-stov-everyday-dnb-vip--7b988de5,"SERGIK x Stov - Everyday (DnB ViP)","SERGIK",true,99.38,funk_fusion,A minor,4.2,0.68,208,"Hip-Hop","Experimental : Free Form Bass","Experimental : Free Form Bass",tracks/sergik-x-stov-everyday-dnb-vip--7b988de5.json
8fe39f93-e8be-4dbb-a7d0-47d42b9fae48,sergik-x-www-daft-punk-harder-better-faster-stronger-flip--8fe39f93,"SERGIK x WWW - Daft Punk - Harder Better Faster Stronger Flip","SERGIK",true,123.05,house,F# minor,1.6,0.66,332,"Funky House","Hip Hop","Hip Hop",tracks/sergik-x-www-daft-punk-harder-better-faster-stronger-flip--8fe39f93.json
b541d46b-b636-40fd-a52d-9560713ccbb2,sergik-x-zak-martin-bang-2-da-beat--b541d46b,"SERGIK x Zak Martin - Bang 2 Da Beat","SERGIK",true,83.35,downtempo,D major,4.7,0.79,229,"Slow House","Funktioneers","Funktioneers",tracks/sergik-x-zak-martin-bang-2-da-beat--b541d46b.json
eef37d35-be10-4ffe-ae6f-8888ab7bac12,sergik-x-zak-martin-throw-it-back--eef37d35,"SERGIK x Zak Martin - Throw it Back","SERGIK",true,129.2,tech_house,Unknown,5.9,0.84,225,"Experimental Bass","Funktioneers","Funktioneers",tracks/sergik-x-zak-martin-throw-it-back--eef37d35.json
8723c8b9-5c13-4987-8c4c-d03533c39aa9,sergik-x-zak-martin-wat-u-want--8723c8b9,"SERGIK x Zak Martin - Wat U Want","SERGIK",true,129.2,tech_house,A minor,3.7,0.75,238,"Tech House","Feelin Sendy","Feelin Sendy",tracks/sergik-x-zak-martin-wat-u-want--8723c8b9.json
79025e63-a9c7-4244-9a34-b85897e217a9,sergik-x-zak-martin-wat-u-want--79025e63,"SERGIK x Zak Martin - Wat U Want","SERGIK",false,129.2,tech_house,A minor,3.7,0.75,238,"Tech House","","",tracks/sergik-x-zak-martin-wat-u-want--79025e63.json
afe91781-e2bb-4c03-aacf-aebb877b695d,sergik-all-my-real-ones--afe91781,"SERGIK. - All My Real Ones","SERGIK",true,123.05,house,D major,3.9,0.76,250,"Reggae","The World Dont Stop","The World Dont Stop",tracks/sergik-all-my-real-ones--afe91781.json
3774f4e8-f252-412c-99c7-073ff543649a,silent-jay-x-sergik-move-me--3774f4e8,"Silent Jay x Sergik - Move Me","SERGIK",true,123.05,house,Unknown,3.3,0.73,326,"Experimental Bass","Deep n Funky","Deep n Funky",tracks/silent-jay-x-sergik-move-me--3774f4e8.json
fad41df6-c97d-40eb-bb44-f50fae8488f1,zack-thrasher-x-sergik-sauced--fad41df6,"Zack Thrasher X Sergik - Sauced","SERGIK",true,83.35,downtempo,C minor,4,0.76,230,"Reggae","Funktioneers","Funktioneers",tracks/zack-thrasher-x-sergik-sauced--fad41df6.json
